date,stock,operation
2020-11-30,CSTL,Buy
2020-11-30,EXAS,Buy
2020-11-30,GOOGL,Buy
2020-11-30,RHHBY,Buy
2020-11-30,ARCT,Sell
2020-11-30,CDNA,Sell
2020-11-30,SYRS,Sell
2020-11-30,SHOP,Buy
2020-11-30,BEKE,Buy
2020-11-30,DOYU,Sell
2020-11-30,TSLA,Sell
2020-11-30,TSM,Buy
2020-11-30,TRMB,Buy
2020-11-30,RAVN,Buy
2020-11-30,NXPI,Buy
2020-11-30,JD,Buy
2020-11-30,FLIR,Buy
2020-11-30,SPLK,Sell
2020-11-30,TSLA,Sell
2020-11-30,XLNX,Sell
2020-11-30,PYPL,Buy
2020-11-30,NFLX,Buy
2020-11-30,JD,Buy
2020-11-30,FB,Buy
2020-11-30,BEKE,Buy
2020-11-30,API,Buy
2020-11-30,GBTC,Sell
2020-11-30,WORK,Sell
2020-12-01,CSTL,Buy
2020-12-01,EXAS,Buy
2020-12-01,RHHBY,Buy
2020-12-01,CDNA,Sell
2020-12-01,SYRS,Sell
2020-12-01,ZM,Buy
2020-12-01,DOCU,Buy
2020-12-01,BEKE,Buy
2020-12-01,NSTG,Sell
2020-12-01,XONE,Sell
2020-12-01,RAVN,Buy
2020-12-01,TRMB,Buy
2020-12-01,TSLA,Sell
2020-12-01,SHOP,Buy
2020-12-01,DOCU,Buy
2020-12-01,API,Buy
2020-12-01,ZM,Buy
2020-12-01,TSLA,Sell
2020-12-01,WORK,Sell
2020-12-02,CSTL,Buy
2020-12-02,LGVW,Buy
2020-12-02,RHHBY,Buy
2020-12-02,CDNA,Sell
2020-12-02,SHOP,Buy
2020-12-02,TCEHY,Buy
2020-12-02,TDOC,Buy
2020-12-02,TSM,Buy
2020-12-02,TWLO,Buy
2020-12-02,PYPL,Buy
2020-12-02,BEKE,Buy
2020-12-02,ICE,Buy
2020-12-02,EXAS,Buy
2020-12-02,DOCU,Buy
2020-12-02,XONE,Sell
2020-12-02,WORK,Sell
2020-12-02,NSTG,Sell
2020-12-02,DOYU,Sell
2020-12-02,RAVN,Buy
2020-12-02,WKHS,Buy
2020-12-02,API,Buy
2020-12-03,SPLK,Buy
2020-12-03,WORK,Sell
2020-12-03,CSTL,Buy
2020-12-03,TWLO,Buy
2020-12-03,TSM,Buy
2020-12-03,TDOC,Buy
2020-12-03,SPLK,Buy
2020-12-03,SHOP,Buy
2020-12-03,ICE,Buy
2020-12-03,EXAS,Buy
2020-12-03,DOCU,Buy
2020-12-03,BEKE,Buy
2020-12-03,NSTG,Sell
2020-12-03,XONE,Sell
2020-12-03,WORK,Sell
2020-12-03,DOYU,Sell
2020-12-03,SPLK,Buy
2020-12-03,TSLA,Sell
2020-12-03,SPLK,Buy
2020-12-03,TSLA,Sell
2020-12-04,CSTL,Buy
2020-12-04,SYRS,Sell
2020-12-04,BEKE,Buy
2020-12-04,EXAS,Buy
2020-12-04,SE,Buy
2020-12-04,DOYU,Sell
2020-12-04,NSTG,Sell
2020-12-04,WORK,Sell
2020-12-04,XONE,Sell
2020-12-07,RHHBY,Buy
2020-12-07,VRTX,Buy
2020-12-07,CSTL,Buy
2020-12-07,TAK,Buy
2020-12-07,NVS,Buy
2020-12-07,REGN,Buy
2020-12-07,VCYT,Sell
2020-12-07,SYRS,Sell
2020-12-07,ARCT,Sell
2020-12-07,NTLA,Sell
2020-12-07,FATE,Sell
2020-12-07,CRSP,Sell
2020-12-07,EXAS,Buy
2020-12-07,XONE,Sell
2020-12-07,NSTG,Sell
2020-12-07,DOYU,Sell
2020-12-07,DE,Buy
2020-12-07,RAVN,Buy
2020-12-07,MTLS,Sell
2020-12-07,CRM,Buy
2020-12-07,DOCU,Buy
2020-12-07,PTON,Buy
2020-12-07,TDOC,Buy
2020-12-07,WORK,Sell
2020-12-08,CSTL,Buy
2020-12-08,NVS,Buy
2020-12-08,RHHBY,Buy
2020-12-08,TAK,Buy
2020-12-08,NTLA,Sell
2020-12-08,VCYT,Sell
2020-12-08,BEKE,Buy
2020-12-08,XONE,Sell
2020-12-08,DOYU,Sell
2020-12-08,DE,Buy
2020-12-08,RAVN,Buy
2020-12-08,MTLS,Sell
2020-12-08,CRM,Buy
2020-12-08,PTON,Buy
2020-12-08,WORK,Sell
2020-12-09,DOCU,Buy
2020-12-09,TDOC,Buy
2020-12-09,WORK,Sell
2020-12-09,TDOC,Buy
2020-12-09,TAK,Buy
2020-12-09,RHHBY,Buy
2020-12-09,CSTL,Buy
2020-12-09,NTLA,Sell
2020-12-09,VCYT,Sell
2020-12-09,ZM,Buy
2020-12-09,TDOC,Buy
2020-12-09,BEKE,Buy
2020-12-09,XONE,Sell
2020-12-09,NIU,Buy
2020-12-09,RAVN,Buy
2020-12-09,MTLS,Sell
2020-12-09,SPCE,Sell
2020-12-09,ZM,Buy
2020-12-10,4477JP,Buy
2020-12-10,TMO,Buy
2020-12-10,TAK,Buy
2020-12-10,SRPT,Buy
2020-12-10,RHHBY,Buy
2020-12-10,GOOGL,Buy
2020-12-10,CSTL,Buy
2020-12-10,VCYT,Sell
2020-12-10,BEKE,Buy
2020-12-10,BIDU,Buy
2020-12-10,XONE,Sell
2020-12-11,CDXS,Buy
2020-12-11,CSTL,Buy
2020-12-11,RHHBY,Buy
2020-12-11,SRPT,Buy
2020-12-11,TAK,Buy
2020-12-11,VCYT,Sell
2020-12-11,BIDU,Buy
2020-12-11,WORK,Sell
2020-12-11,XONE,Sell
2020-12-14,RHHBY,Buy
2020-12-14,VCYT,Sell
2020-12-14,WORK,Sell
2020-12-14,XONE,Sell
2020-12-14,AAPL,Buy
2020-12-14,TSLA,Sell
2020-12-14,TTD,Buy
2020-12-14,CRWD,Sell
2020-11-27,FLIR,Buy
2020-11-27,BEKE,Buy
2020-11-27,DOYU,Sell
2020-11-27,XONE,Sell
2020-11-27,SYRS,Sell
2020-11-25,PACB,Buy
2020-11-25,SNPS,Buy
2020-11-25,EXAS,Buy
2020-11-25,TWST,Buy
2020-11-25,IOVA,Buy
2020-11-25,TREE UW,Buy
2020-11-25,Z,Buy
2020-11-25,ZM,Buy
2020-11-25,PINS,Buy
2020-11-25,IRDM,Buy
2020-11-25,PYPL,Buy
2020-11-25,U,Buy
2020-11-25,ICE,Buy
2020-11-25,DOCU,Buy
2020-11-25,TWLO,Buy
2020-11-25,VCYT,Buy
2020-11-25,PSTG,Buy
2020-11-25,SPOT,Buy
2020-11-25,PRLB,Buy
2020-11-25,TDOC,Buy
2020-11-25,WORK,Buy
2020-11-25,CRSP,Buy
2020-11-25,ROKU,Buy
2020-11-25,SHOP,Buy
2020-11-25,ZS,Sell
2020-11-25,ONVO,Sell
2020-11-25,SYRS,Sell
2020-11-25,CGEN,Sell
2020-11-25,MCRB,Sell
2020-11-25,XONE,Sell
2020-11-25,SSYS,Sell
2020-11-25,CERS,Sell
2020-11-25,NSTG,Sell
2020-11-25,SPLK,Sell
2020-11-25,EDIT,Sell
2020-11-25,NTLA,Sell
2020-11-25,PD,Sell
2020-11-25,TWOU,Sell
2020-11-25,SQ,Sell
2020-11-25,NVTA,Sell
2020-11-25,TSLA,Sell
2020-11-25,TSLA,Buy
2020-11-25,GOOG,Buy
2020-11-25,DE,Buy
2020-11-25,TRMB,Buy
2020-11-25,PRLB,Buy
2020-11-25,XLNX,Buy
2020-11-25,IRDM,Buy
2020-11-25,KTOS,Buy
2020-11-25,CAT,Buy
2020-11-25,NXPI,Buy
2020-11-25,FLIR,Buy
2020-11-25,AVAV,Buy
2020-11-25,WKHS,Buy
2020-11-25,SPLK,Buy
2020-11-25,SNPS,Buy
2020-11-25,SPCE,Buy
2020-11-25,TER,Buy
2020-11-25,ANSS,Buy
2020-11-25,AMZN,Buy
2020-11-25,ISRG,Buy
2020-11-25,NVDA,Buy
2020-11-25,ESLT,Buy
2020-11-25,AAPL,Buy
2020-11-25,ADSK,Buy
2020-11-25,ROK,Buy
2020-11-25,HON,Buy
2020-11-25,RAVN,Buy
2020-11-25,TSLA,Buy
2020-11-25,ROKU,Buy
2020-11-25,SQ,Buy
2020-11-25,SPOT,Buy
2020-11-25,TDOC,Buy
2020-11-25,PSTG,Buy
2020-11-25,TREE UW,Buy
2020-11-25,WORK,Buy
2020-11-25,PINS,Buy
2020-11-25,PD,Sell
2020-11-25,FB,Buy
2020-11-25,TWLO,Buy
2020-11-25,SNAP,Buy
2020-11-25,VCYT,Buy
2020-11-25,ICE,Buy
2020-11-25,NFLX,Buy
2020-11-25,Z,Buy
2020-11-25,TWOU,Sell
2020-11-25,BABA,Sell
2020-11-25,FSLY,Buy
2020-11-25,PYPL,Buy
2020-11-25,MELI,Buy
2020-11-25,TTD,Sell
2020-11-25,HUBS,Sell
2020-11-25,IPOB,Buy
2020-11-25,AMZN,Sell
2020-11-25,CRWD,Buy
2020-11-25,U,Buy
2020-11-25,NET,Buy
2020-11-25,SPLK,Buy
2020-11-25,DOCU,Buy
2020-11-25,NVDA,Buy
2020-11-25,TEAM,Buy
2020-11-25,SNPS,Buy
2020-11-25,OKTA,Buy
2020-11-25,ADBE,Buy
2020-11-25,ZM,Buy
2020-11-25,LC,Sell
2020-11-25,SHOP,Buy
2020-11-25,PLTR,Buy
2020-11-25,NVTA,Sell
2020-11-25,CRSP,Buy
2020-11-25,PACB,Buy
2020-11-25,TWST,Buy
2020-11-25,ARCT UQ,Buy
2020-11-25,CDNA,Buy
2020-11-25,PSNL,Buy
2020-11-25,TDOC,Buy
2020-11-25,IOVA,Buy
2020-11-25,EXAS,Buy
2020-11-25,FATE,Buy
2020-11-25,VCYT,Buy
2020-11-25,PSTG,Buy
2020-11-25,CLLS,Buy
2020-11-25,CGEN,Sell
2020-11-25,INCY,Buy
2020-11-25,ILMN,Sell
2020-11-25,IONS,Buy
2020-11-25,ACCD,Buy
2020-11-25,VRTX,Buy
2020-11-25,ADPT,Buy
2020-11-25,TXG,Buy
2020-11-25,TAK UN,Buy
2020-11-25,GH,Buy
2020-11-25,SDGR,Buy
2020-11-25,NVS,Buy
2020-11-25,SYRS,Sell
2020-11-25,PHR,Buy
2020-11-25,CSTL,Buy
2020-11-25,CDXS,Buy
2020-11-25,NSTG,Buy
2020-11-25,BEAM,Buy
2020-11-25,AQB,Buy
2020-11-25,PSTI,Buy
2020-11-25,TMO,Buy
2020-11-25,REGN,Buy
2020-11-25,BLI,Buy
2020-11-25,RPTX,Buy
2020-11-25,SURF,Buy
2020-11-25,LGVW,Buy
2020-11-25,SQ,Buy
2020-11-25,PINS,Buy
2020-11-25,MELI,Buy
2020-11-25,Z,Buy
2020-11-25,ICE,Buy
2020-11-25,TREE UW,Buy
2020-11-25,ADYEN,Buy
2020-11-25,PYPL,Buy
2020-11-25,BABA,Buy
2020-11-25,AMZN,Sell
2020-11-25,TWLO,Buy
2020-11-25,AAPL,Buy
2020-11-25,FB,Buy
2020-11-25,SNAP,Buy
2020-11-25,DOCU,Buy
2020-11-25,SPLK,Buy
2020-11-25,INTU,Buy
2020-11-25,WDAY,Buy
2020-11-25,LSPD,Buy
2020-11-25,GWRE,Buy
2020-11-25,SCHW,Buy
2020-11-25,WORK,Buy
2020-11-25,IBKR,Buy
2020-11-25,DSY,Buy
2020-11-25,NVDA,Buy
2020-11-25,IPOB,Buy
2020-11-25,TRU,Buy
2020-11-25,VRSK,Buy
2020-11-25,SHOP,Buy
2020-11-25,SI,Buy
2020-11-25,MKTX,Buy
2020-11-25,ZS,Buy
2020-11-25,TDOC,Buy
2020-11-11,ROKU,Buy
2020-11-11,SPLK,Sell
2020-11-11,DOYU,Sell
2020-11-11,FB,Sell
2020-11-11,MCRB,Sell
2020-11-11,NTDOY,Buy
2020-11-11,SSYS,Sell
2020-11-11,XONE,Sell
2020-11-11,ZS,Sell
2020-11-11,CGEN,Sell
2020-11-11,CSTL,Buy
2020-11-11,RPTX,Buy
2020-11-11,SYRS,Sell
2020-11-10,ROKU,Buy
2020-11-10,SPLK,Sell
2020-11-10,TDOC,Buy
2020-11-10,Z,Sell
2020-11-10,ZM,Buy
2020-11-10,MCRB,Sell
2020-11-10,NTDOY,Buy
2020-11-10,SSYS,Sell
2020-11-10,TWST,Buy
2020-11-10,XONE,Sell
2020-11-10,ARCT,Buy
2020-11-10,CGEN,Sell
2020-11-10,CSTL,Buy
2020-11-10,INCY,Buy
2020-11-09,ADSK,Buy
2020-11-09,ANSS,Buy
2020-11-09,DOCU,Buy
2020-11-09,FB,Sell
2020-11-09,NET,Buy
2020-11-09,PINS,Sell
2020-11-09,SNAP,Sell
2020-11-09,TDOC,Buy
2020-11-09,TTD,Sell
2020-11-09,DOYU,Sell
2020-11-09,NTDOY,Buy
2020-11-09,ROKU,Buy
2020-11-09,TWST,Buy
2020-11-09,XONE,Sell
2020-11-09,ZS,Sell
2020-11-09,ARCT,Buy
2020-11-09,CGEN,Sell
2020-11-09,SYRS,Sell
2020-11-09,MELI,Sell
2020-11-09,SHOP,Buy
2020-11-09,WDAY,Buy
2020-11-09,Z,Buy
2020-11-06,SQ,Sell
2020-11-06,WORK,Buy
2020-11-06,Z,Sell
2020-11-06,DOYU,Sell
2020-11-06,TCEHY,Buy
2020-11-06,XONE,Sell
2020-11-05,MELI,Sell
2020-11-05,TREE,Buy
2020-11-05,SYRS,Sell
2020-11-05,DOYU,Sell
2020-11-05,MCRB,Sell
2020-11-05,NSTG,Sell
2020-11-05,SQ,Sell
2020-11-05,TCEHY,Buy
2020-11-05,WORK,Buy
2020-11-05,XONE,Sell
2020-11-05,Z,Sell
2020-11-05,ZS,Sell
2020-11-05,VCYT,Sell
2020-11-04,4689 JP,Buy
2020-11-04,CRM,Sell
2020-11-04,IPOB,Buy
2020-11-04,SNAP,Sell
2020-11-04,AAPL,Sell
2020-11-04,ACCD,Buy
2020-11-04,ARCT,Sell
2020-11-04,EXAS,Buy
2020-11-04,ILMN,Sell
2020-11-04,SYRS,Sell
2020-11-04,DOYU,Sell
2020-11-04,MCRB,Sell
2020-11-04,NSTG,Sell
2020-11-04,TCEHY,Buy
2020-11-04,VCYT,Sell
2020-11-04,WIX,Sell
2020-11-03,BABA,Buy
2020-11-03,IPOB,Buy
2020-11-03,PDD,Sell
2020-11-03,PYPL,Buy
2020-11-03,SNAP,Sell
2020-11-03,SQ,Sell
2020-11-03,ACCD,Buy
2020-11-03,ADPT,Sell
2020-11-03,ARCT,Sell
2020-11-03,DOYU,Sell
2020-11-03,EXAS,Buy
2020-11-03,ILMN,Sell
2020-11-03,MCRB,Sell
2020-11-03,NSTG,Sell
2020-11-03,ROKU,Sell
2020-11-03,SYRS,Sell
2020-11-03,TCEHY,Buy
2020-11-03,TDOC,Buy
2020-11-03,TSLA,Sell
2020-11-03,ZS,Sell
2020-11-03,AMZN,Sell
2020-11-03,PINS,Sell
2020-11-03,VCYT,Sell
2020-11-03,Z,Sell
2020-11-02,HON,Buy
2020-11-02,IRDM,Buy
2020-11-02,WKHS,Buy
2020-11-02,XLNX,Sell
2020-11-02,FB,Sell
2020-11-02,FSLY,Buy
2020-11-02,PINS,Sell
2020-11-02,SPOT,Buy
2020-11-02,TDOC,Buy
2020-11-02,DOYU,Sell
2020-11-02,EXAS,Buy
2020-11-02,ILMN,Sell
2020-11-02,IOVA,Sell
2020-11-02,NSTG,Sell
2020-11-02,ROKU,Sell
2020-11-02,SYRS,Sell
2020-11-02,U,Buy
2020-11-02,ZS,Sell
2020-11-02,ACCD,Buy
2020-11-02,ADPT,Sell
2020-11-02,ARCT,Sell
2020-11-02,RPTX,Buy
2020-11-02,AAPL,Sell
2020-11-02,IPOB,Buy
2020-10-30,AMZN,Sell
2020-10-30,API,Buy
2020-10-30,BEKE,Buy
2020-10-30,SPOT,Buy
2020-10-30,TDOC,Buy
2020-10-30,TWTR,Sell
2020-10-30,TWTR,Buy
2020-10-30,EXAS,Buy
2020-10-30,ICE,Buy
2020-10-30,ILMN,Sell
2020-10-30,IOVA,Sell
2020-10-30,NSTG,Sell
2020-10-30,PINS,Sell
2020-10-30,ROKU,Sell
2020-10-30,TREE,Sell
2020-10-30,AAPL,Sell
2020-10-30,ACCD,Buy
2020-10-30,CGEN,Sell
2020-10-30,CRSP,Sell
2020-10-29,ACCD,Buy
2020-10-29,CGEN,Sell
2020-10-29,CRSP,Sell
2020-10-29,EXAS,Buy
2020-10-29,IOVA,Sell
2020-10-29,NSTG,Sell
2020-10-29,PACB,Sell
2020-10-29,PSNL,Buy
2020-10-29,RPTX,Buy
2020-10-29,TDOC,Buy
2020-10-29,ILMN,Sell
2020-10-29,MCRB,Sell
2020-10-29,PINS,Sell
2020-10-29,ROKU,Sell
2020-10-29,SPOT,Buy
2020-10-29,SYRS,Sell
2020-10-29,API,Buy
2020-10-29,BEKE,Buy
2020-10-29,FSLY,Buy
2020-10-29,TWTR,Sell
2020-10-28,API,Buy
2020-10-28,WIX,Sell
2020-10-28,EXAS,Buy
2020-10-28,ILMN,Sell
2020-10-28,IOVA,Sell
2020-10-28,MCRB,Sell
2020-10-28,XLNX,Sell
2020-10-28,XONE,Sell
2020-10-28,RPTX,Buy
2020-10-27,SHOP,Buy
2020-10-27,SQ,Sell
2020-10-27,EXAS,Buy
2020-10-27,ILMN,Sell
2020-10-27,IOVA,Sell
2020-10-27,MCRB,Sell
2020-10-27,SPOT,Sell
2020-10-27,SYRS,Sell
2020-10-27,TWLO,Buy
2020-10-27,XLNX,Sell
2020-10-27,API,Buy
2020-10-27,IPOB,Buy
2020-10-27,MELI,Sell
2020-10-27,SNAP,Sell
2020-10-27,WIX,Sell
2020-10-26,BIDU,Buy
2020-10-26,BYDDY,Sell
2020-10-26,NNDM,Buy
2020-10-26,SPCE,Buy
2020-10-26,SPLK,Sell
2020-10-26,API,Buy
2020-10-26,IPOB,Buy
2020-10-26,MELI,Sell
2020-10-26,SE,Sell
2020-10-26,SNAP,Sell
2020-10-26,TWLO,Buy
2020-10-26,AYLA,Buy
2020-10-23,9923 HK,Buy
2020-10-23,CBMG,Sell
2020-10-23,NSTG,Sell
2020-10-23,SYRS,Sell
2020-10-23,XONE,Sell
2020-10-22,9923 HK,Buy
2020-10-22,ACCD,Buy
2020-10-22,ADPT,Sell
2020-10-22,CBMG,Sell
2020-10-22,NSTG,Sell
2020-10-22,XLNX,Sell
2020-10-22,XLNX,Buy
2020-10-22,XONE,Sell
2020-10-22,CRM,Sell
2020-10-22,PLTR,Buy
2020-10-21,9923 HK,Buy
2020-10-21,ADPT,Sell
2020-10-21,CBMG,Sell
2020-10-21,IONS,Buy
2020-10-21,NSTG,Sell
2020-10-21,NVS,Buy
2020-10-21,RPTX,Buy
2020-10-21,XLNX,Sell
2020-10-21,DOYU,Buy
2020-10-21,WORK,Buy
2020-10-21,API,Buy
2020-10-21,LC,Sell
2020-10-21,NFLX,Buy
2020-10-21,PYPL,Sell
2020-10-21,ROKU,Sell
2020-10-21,SNAP,Sell
2020-10-21,TTD,Sell
2020-10-21,TWTR,Sell
2020-10-20,6060 HK,Buy
2020-10-20,9923 HK,Buy
2020-10-20,CRM,Sell
2020-10-20,ADPT,Sell
2020-10-20,CBMG,Sell
2020-10-20,IONS,Buy
2020-10-20,NSTG,Sell
2020-10-20,NVS,Buy
2020-10-20,REGN,Buy
2020-10-20,XLNX,Sell
2020-10-20,DOYU,Buy
2020-10-20,MCRB,Sell
2020-10-20,TER,Sell
2020-10-20,ZS,Sell
2020-10-20,API,Buy
2020-10-20,LC,Sell
2020-10-19,PDD,Buy
2020-10-19,SE,Sell
2020-10-19,ZS,Sell
2020-10-19,CBMG,Sell
2020-10-19,IONS,Buy
2020-10-19,NSTG,Sell
2020-10-19,NVS,Buy
2020-10-19,REGN,Buy
2020-10-19,DOYU,Buy
2020-10-19,NXPI,Buy
2020-10-19,TSM,Buy
2020-10-19,XLNX,Sell
2020-10-19,API,Buy
2020-10-19,FSLY,Buy
2020-10-19,ICE,Buy
2020-10-19,LC,Sell
2020-10-16,CBMG,Sell
2020-10-16,DOYU,Buy
2020-10-16,TER,Sell
2020-10-16,XONE,Sell
2020-10-16,FSLY,Buy
2020-10-16,LC,Sell
2020-10-16,PINS,Sell
2020-10-16,TTD,Sell
2020-10-15,CBMG,Sell
2020-10-15,VRTX,Buy
2020-10-15,DOYU,Buy
2020-10-15,TWLO,Sell
2020-10-15,ZM,Buy
2020-10-15,CRM,Sell
2020-10-15,FSLY,Buy
2020-10-15,LC,Sell
2020-10-15,PLTR,Buy
2020-10-15,ROKU,Sell
2020-10-15,SQ,Sell
2020-10-15,TSLA,Sell
2020-10-15,XLNX,Sell
2020-10-14,RAVN,Buy
2020-10-14,LC,Sell
2020-10-14,DOYU,Buy
2020-10-14,XONE,Sell
2020-10-14,AAPL,Buy
2020-10-14,CBMG,Sell
2020-10-14,IONS,Buy
2020-10-14,TMO,Buy
2020-10-14,GWRE,Buy
2020-10-14,SE,Sell
2020-10-13,GOOG,Buy
2020-10-13,RAVN,Buy
2020-10-13,XLNX,Sell
2020-10-13,ICE,Buy
2020-10-13,PSTG,Buy
2020-10-13,ZS,Sell
2020-10-13,XONE,Sell
2020-10-13,ACCD,Buy
2020-10-13,CBMG,Sell
2020-10-13,IONS,Buy
2020-10-13,CRM,Sell
2020-10-12,CRM,Sell
2020-10-12,INTU,Buy
2020-10-12,ACCD,Buy
2020-10-12,CBMG,Sell
2020-10-12,IONS,Buy
2020-10-12,ICE,Buy
2020-10-12,XONE,Sell
2020-10-12,GOOG,Buy
2020-10-12,MTLS,Sell
2020-10-12,RAVN,Buy
2020-10-12,NET,Buy
2020-10-12,PSTG,Buy
2020-10-12,PYPL,Buy
2020-10-12,SE,Sell
2020-10-12,WORK,Buy
2020-10-12,XLNX,Sell
2020-10-12,ZS,Sell
2020-10-09,IPOB,Buy
2020-10-09,Z,Sell
2020-10-09,CBMG,Sell
2020-10-09,INCY,Buy
2020-10-09,TAK,Buy
2020-10-09,WORK,Buy
2020-10-09,XLNX,Sell
2020-10-09,XONE,Sell
2020-10-09,GBTC,Buy
2020-10-08,XONE,Sell
2020-10-08,TAK,Buy
2020-10-08,IPOB,Buy
2020-10-07,IPOB,Buy
2020-10-07,Z,Sell
2020-10-07,XONE,Sell
2020-10-07,BEAM,Buy
2020-10-07,MCRB,Sell
2020-10-07,TAK,Buy
2020-10-06,LSPD CN,Buy
2020-10-06,4689 JP,Sell
2020-10-06,8473 JP,Sell
2020-10-06,ACCD,Buy
2020-10-06,ADPT,Sell
2020-10-06,BEAM,Buy
2020-10-06,CBMG,Sell
2020-10-06,IOVA,Buy
2020-10-06,MCRB,Sell
2020-10-06,NSTG,Sell
2020-10-06,TAK,Buy
2020-10-06,ILMN,Sell
2020-10-06,IRDM,Buy
2020-10-06,NTDOY,Buy
2020-10-06,NVTA,Sell
2020-10-06,TWST,Buy
2020-10-06,XONE,Sell
2020-10-06,IPOB,Buy
2020-10-06,Z,Sell
2020-10-05,LSPD CN,Buy
2020-10-05,MKTX,Buy
2020-10-05,PYPL,Buy
2020-10-05,SQ,Sell
2020-10-05,TCEHY,Sell
2020-10-05,ADPT,Sell
2020-10-05,BEAM,Buy
2020-10-05,CBMG,Sell
2020-10-05,MCRB,Sell
2020-10-05,NSTG,Sell
2020-10-05,PHR,Buy
2020-10-05,TAK,Buy
2020-10-05,VRTX,Buy
2020-10-05,IRDM,Buy
2020-10-05,NTDOY,Buy
2020-10-05,NVTA,Sell
2020-10-05,TWST,Buy
2020-10-05,XONE,Sell
2020-10-05,IPOB,Buy
2020-10-02,IPOB,Buy
2020-10-02,IRDM,Buy
2020-10-02,CBMG,Sell
2020-10-01,ICE,Buy
2020-10-01,IRDM,Buy
2020-10-01,NSTG,Sell
2020-10-01,SNPS,Buy
2020-10-01,XONE,Sell
2020-10-01,ACCD,Buy
2020-10-01,BEAM,Buy
2020-10-01,CBMG,Sell
2020-10-01,PHR,Buy
2020-10-01,PSTG,Buy
2020-09-30,SPOT,Buy
2020-09-30,XLNX,Sell
2020-09-30,CGEN,Sell
2020-09-30,NSTG,Sell
2020-09-30,XONE,Sell
2020-09-30,CBMG,Sell
2020-09-30,PHR,Buy
2020-09-30,PSTG,Buy
2020-09-29,ACCD,Buy
2020-09-29,PHR,Buy
2020-09-29,CGEN,Sell
2020-09-29,MCRB,Sell
2020-09-29,NSTG,Sell
2020-09-29,PSTG,Buy
2020-09-29,SPOT,Buy
2020-09-29,TWST,Buy
2020-09-29,XONE,Sell
2020-09-29,NNDM,Buy
2020-09-29,IPOB,Buy
2020-09-29,Z,Sell
2020-09-28,ACCD,Buy
2020-09-28,CBMG,Sell
2020-09-28,EXAS,Sell
2020-09-28,PHR,Buy
2020-09-28,CGEN,Sell
2020-09-28,MCRB,Sell
2020-09-28,NSTG,Sell
2020-09-28,PSTG,Buy
2020-09-28,XONE,Sell
2020-09-28,AAPL,Sell
2020-09-28,NNDM,Buy
2020-09-28,IPOB,Buy
2020-09-25,CBMG,Sell
2020-09-25,CGEN,Sell
2020-09-25,MCRB,Sell
2020-09-25,NSTG,Sell
2020-09-25,NVTA,Sell
2020-09-25,PSTG,Buy
2020-09-25,TWST,Buy
2020-09-25,XONE,Sell
2020-09-24,ACCD,Buy
2020-09-24,EXAS,Sell
2020-09-24,SDGR,Buy
2020-09-24,CGEN,Sell
2020-09-24,MCRB,Sell
2020-09-24,NSTG,Sell
2020-09-24,TSLA,Buy
2020-09-24,XLNX,Sell
2020-09-24,BYDDY,Buy
2020-09-24,WKHS,Buy
2020-09-24,ROKU,Sell
2020-09-24,SQ,Sell
2020-09-23,4689 JP,Sell
2020-09-23,FB,Buy
2020-09-23,CBMG,Sell
2020-09-23,PSTG,Buy
2020-09-23,CGEN,Sell
2020-09-23,MCRB,Sell
2020-09-23,NSTG,Sell
2020-09-23,ROKU,Sell
2020-09-23,TER,Sell
2020-09-23,TSLA,Buy
2020-09-23,XLNX,Sell
2020-09-23,Z,Sell
2020-09-23,BYDDY,Buy
2020-09-23,AYX,Sell
2020-09-23,U,Buy
2020-09-22,CBMG,Sell
2020-09-22,PSTG,Buy
2020-09-22,TXG,Sell
2020-09-22,CGEN,Sell
2020-09-22,MCRB,Sell
2020-09-22,NSTG,Sell
2020-09-22,PD,Buy
2020-09-22,SQ,Sell
2020-09-22,TER,Sell
2020-09-22,U,Buy
2020-09-22,XLNX,Sell
2020-09-22,BYDDY,Buy
2020-09-22,AYX,Sell
2020-09-22,SNAP,Sell
2020-09-22,WORK,Buy
2020-09-21,LSPD CN,Buy
2020-09-21,FB,Buy
2020-09-21,SNAP,Sell
2020-09-21,WORK,Buy
2020-09-21,Z,Sell
2020-09-21,CBMG,Sell
2020-09-21,ILMN,Sell
2020-09-21,PACB,Buy
2020-09-21,PSTG,Buy
2020-09-21,AYX,Sell
2020-09-21,PD,Buy
2020-09-21,ROKU,Sell
2020-09-21,U,Buy
2020-09-21,XLNX,Sell
2020-09-18,CBMG,Sell
2020-09-18,CRSP,Buy
2020-09-18,INCY,Buy
2020-09-18,NSTG,Sell
2020-09-18,DOCU,Buy
2020-09-18,ILMN,Sell
2020-09-18,PACB,Buy
2020-09-18,PSTG,Buy
2020-09-18,TSLA,Sell
2020-09-17,CBMG,Sell
2020-09-17,EXAS,Buy
2020-09-17,ILMN,Sell
2020-09-17,MCRB,Sell
2020-09-17,TDOC,Buy
2020-09-17,PACB,Buy
2020-09-17,SPOT,Buy
2020-09-17,TWST,Buy
2020-09-17,WORK,Buy
2020-09-16,CBMG,Sell
2020-09-16,EXAS,Buy
2020-09-16,ILMN,Sell
2020-09-16,MCRB,Sell
2020-09-16,TDOC,Buy
2020-09-16,TWST,Buy
2020-09-16,PACB,Buy
2020-09-16,SPOT,Buy
2020-09-16,WORK,Buy
2020-09-16,MTLS,Sell
2020-09-16,SNOW,Buy
2020-09-15,CBMG,Sell
2020-09-15,MCRB,Sell
2020-09-15,NTDOY,Buy
2020-09-15,PACB,Buy
2020-09-15,MTLS,Sell
2020-09-14,CBMG,Sell
2020-09-14,EXAS,Buy
2020-09-14,TXG,Sell
2020-09-14,IRDM,Sell
2020-09-14,NTDOY,Buy
2020-09-14,PACB,Buy
2020-09-14,PD,Buy
2020-09-14,TER,Sell
2020-09-14,MTLS,Sell
2020-09-11,CBMG,Sell
2020-09-11,CLLS,Buy
2020-09-11,IRDM,Sell
2020-09-11,NTDOY,Buy
2020-09-11,PACB,Buy
2020-09-11,PD,Buy
2020-09-11,TER,Sell
2020-09-11,MTLS,Sell
2020-09-10,WDI GR,Buy
2020-09-10,6060 HK,Buy
2020-09-10,9923 HK,Buy
2020-09-10,8473 JP,Sell
2020-09-10,ADPT,Buy
2020-09-10,CBMG,Sell
2020-09-10,CLLS,Buy
2020-09-10,CSTL,Sell
2020-09-10,CGEN,Sell
2020-09-10,ICE,Buy
2020-09-10,IRDM,Sell
2020-09-10,MCRB,Sell
2020-09-10,MTLS,Sell
2020-09-10,NSTG,Sell
2020-09-10,NTDOY,Buy
2020-09-10,PACB,Buy
2020-09-10,PD,Buy
2020-09-10,TER,Sell
2020-09-10,WORK,Buy
2020-09-09,AAPL,Sell
2020-09-09,BABA,Buy
2020-09-09,DOCU,Buy
2020-09-09,HDB,Sell
2020-09-09,IBKR,Sell
2020-09-09,INTU,Buy
2020-09-09,SQ,Sell
2020-09-09,TREE,Buy
2020-09-09,TWLO,Buy
2020-09-09,WDAY,Buy
2020-09-09,WORK,Buy
2020-09-09,Z,Sell
2020-09-09,ADPT,Buy
2020-09-09,AQB,Buy
2020-09-09,ARCT,Buy
2020-09-09,CBMG,Sell
2020-09-09,CLLS,Buy
2020-09-09,CSTL,Sell
2020-09-09,CGEN,Sell
2020-09-09,IRDM,Sell
2020-09-09,MCRB,Sell
2020-09-09,MTLS,Sell
2020-09-09,NSTG,Sell
2020-09-09,NTDOY,Buy
2020-09-09,PACB,Buy
2020-09-09,PINS,Sell
2020-09-09,TER,Sell
2020-09-09,TWOU,Buy
2020-09-09,AYX,Sell
2020-09-09,ROKU,Sell
2020-09-09,VMW,Sell
2020-09-08,ARCT,Buy
2020-09-08,CBMG,Sell
2020-09-08,CGEN,Sell
2020-09-08,FB,Sell
2020-09-08,IRDM,Sell
2020-09-08,MCRB,Sell
2020-09-08,NTDOY,Buy
2020-09-08,PINS,Sell
2020-09-08,ROKU,Sell
2020-09-08,TER,Sell
2020-09-08,TSLA,Buy
2020-09-08,TWOU,Buy
2020-09-08,Z,Sell
2020-09-08,ZS,Sell
2020-09-08,AAPL,Sell
2020-09-08,ISRG,Sell
2020-09-08,MTLS,Sell
2020-09-08,CRWD,Buy
2020-09-08,GBTC,Buy
2020-09-08,TWLO,Buy
2020-09-08,VMW,Sell
2020-09-04,WDI GR,Sell
2020-09-04,AQB,Buy
2020-09-04,ARCT,Buy
2020-09-04,CBMG,Sell
2020-09-04,CLLS,Buy
2020-09-04,GH,Sell
2020-09-04,TDOC,Buy
2020-09-04,VRTX,Sell
2020-09-04,ADSK,Sell
2020-09-04,DOCU,Buy
2020-09-04,MTLS,Sell
2020-09-04,PD,Buy
2020-09-04,TER,Sell
2020-09-04,TWOU,Buy
2020-09-04,WORK,Sell
2020-09-04,XLNX,Sell
2020-09-04,SQ,Sell
2020-09-03,4755 JP,Sell
2020-09-03,AQB,Buy
2020-09-03,CBMG,Sell
2020-09-03,CLLS,Buy
2020-09-03,GH,Sell
2020-09-03,TDOC,Buy
2020-09-03,XLNX,Sell
2020-09-03,PD,Buy
2020-09-03,PINS,Sell
2020-09-03,TER,Sell
2020-09-03,TCEHY,Buy
2020-09-03,TRMB,Buy
2020-09-03,TWOU,Buy
2020-09-03,HUYA,Sell
2020-09-03,SE,Sell
2020-09-03,SQ,Sell
2020-09-02,WDI GR,Sell
2020-09-02,4755 JP,Sell
2020-09-02,AQB,Buy
2020-09-02,CLLS,Buy
2020-09-02,EVGN,Buy
2020-09-02,ADSK,Sell
2020-09-02,LC,Sell
2020-09-02,MTLS,Sell
2020-09-02,NTDOY,Buy
2020-09-02,PACB,Buy
2020-09-02,SNAP,Sell
2020-09-02,TCEHY,Buy
2020-09-02,TSM,Buy
2020-09-02,WORK,Sell
2020-09-02,XLNX,Sell
2020-09-02,BYDDY,Buy
2020-09-01,BYDDY,Buy
2020-09-01,NIU,Buy
2020-09-01,EB,Sell
2020-09-01,LC,Sell
2020-09-01,MCRB,Sell
2020-09-01,MTLS,Sell
2020-09-01,NTDOY,Buy
2020-09-01,PACB,Buy
2020-09-01,SNAP,Sell
2020-09-01,SNPS,Buy
2020-09-01,TCEHY,Buy
2020-09-01,TREE,Buy
2020-09-01,XLNX,Sell
2020-09-01,AQB,Buy
2020-09-01,CBMG,Sell
2020-09-01,CLLS,Buy
2020-09-01,CRSP,Sell
2020-09-01,EXAS,Buy
2020-09-01,GH,Sell
2020-09-01,INO,Sell
2020-09-01,NVTA,Sell
2020-09-01,TAK,Buy
2020-09-01,4755 JP,Sell
2020-08-31,WDI GR,Sell
2020-08-31,CBMG,Sell
2020-08-31,CRSP,Sell
2020-08-31,EXAS,Buy
2020-08-31,GH,Sell
2020-08-31,INO,Sell
2020-08-31,NVTA,Sell
2020-08-31,PGEN,Sell
2020-08-31,TAK,Buy
2020-08-31,LC,Sell
2020-08-31,MCRB,Sell
2020-08-31,MTLS,Sell
2020-08-31,NTDOY,Buy
2020-08-31,PACB,Buy
2020-08-31,PD,Buy
2020-08-31,SNAP,Sell
2020-08-31,SNPS,Buy
2020-08-31,TREE,Buy
2020-08-31,TSLA,Sell
2020-08-31,BIDU,Buy
2020-08-31,BYDDY,Buy
2020-08-31,NIU,Buy
2020-08-31,BIDU,Sell
2020-08-31,EB,Sell
2020-08-31,SHOP,Sell
2020-08-28,TREE,Buy
2020-08-28,TSLA,Sell
2020-08-28,TWOU,Buy
2020-08-28,ADSK,Sell
2020-08-28,ICE,Buy
2020-08-28,MCRB,Sell
2020-08-28,MTLS,Sell
2020-08-28,NTDOY,Buy
2020-08-28,PACB,Buy
2020-08-28,SNPS,Buy
2020-08-28,TSM,Buy
2020-08-28,TWLO,Buy
2020-08-28,XLNX,Sell
2020-08-28,CBMG,Sell
2020-08-28,TAK,Buy
2020-08-27,SNPS,Buy
2020-08-27,XLNX,Sell
2020-08-27,PSTG,Buy
2020-08-27,SQ,Sell
2020-08-27,TREE,Buy
2020-08-27,TSLA,Sell
2020-08-27,TWOU,Buy
2020-08-27,MTLS,Sell
2020-08-27,NTDOY,Buy
2020-08-27,PACB,Buy
2020-08-27,AQB,Buy
2020-08-27,CBMG,Sell
2020-08-27,CLLS,Buy
2020-08-27,TAK,Buy
2020-08-26,3690 HK,Sell
2020-08-26,JD,Buy
2020-08-26,ACCD,Buy
2020-08-26,CBMG,Sell
2020-08-26,CLLS,Buy
2020-08-26,EDIT,Sell
2020-08-26,NVTA,Sell
2020-08-26,PHR,Buy
2020-08-26,PSTG,Buy
2020-08-26,TAK,Buy
2020-08-26,VCYT,Sell
2020-08-26,MTLS,Sell
2020-08-26,PACB,Buy
2020-08-26,SQ,Sell
2020-08-26,ADYEY,Buy
2020-08-26,NTDOY,Buy
2020-08-26,TSLA,Sell
2020-08-25,AAPL,Sell
2020-08-25,JD,Buy
2020-08-25,ACCD,Buy
2020-08-25,AQB,Buy
2020-08-25,CBMG,Sell
2020-08-25,CLLS,Buy
2020-08-25,PHR,Buy
2020-08-25,TAK,Buy
2020-08-25,TXG,Sell
2020-08-25,VCYT,Sell
2020-08-25,MTLS,Sell
2020-08-25,PACB,Buy
2020-08-25,NIU,Buy
2020-08-25,TSLA,Sell
2020-08-25,ADYEY,Buy
2020-08-25,NTDOY,Buy
2020-08-24,ACCD,Buy
2020-08-24,AQB,Buy
2020-08-24,CBMG,Sell
2020-08-24,CLLS,Buy
2020-08-24,EDIT,Sell
2020-08-24,GH,Sell
2020-08-24,ILMN,Buy
2020-08-24,INCY,Buy
2020-08-24,INO,Sell
2020-08-24,NVTA,Sell
2020-08-24,PHR,Buy
2020-08-24,SDGR,Buy
2020-08-24,TAK,Buy
2020-08-24,TXG,Sell
2020-08-24,VCYT,Sell
2020-08-24,XLNX,Buy
2020-08-24,CERS,Sell
2020-08-24,MTLS,Sell
2020-08-24,NTDOY,Buy
2020-08-24,PACB,Buy
2020-08-24,SYRS,Sell
2020-08-24,TSLA,Sell
2020-08-24,AAPL,Sell
2020-08-24,AMZN,Sell
2020-08-24,NIU,Buy
2020-08-24,TWOU,Buy
2020-08-24,ADYEY,Buy
2020-08-24,JD,Buy
2020-08-24,PSTG,Buy
2020-08-21,ACCD,Buy
2020-08-21,AQB,Buy
2020-08-21,ARCT,Sell
2020-08-21,CBMG,Sell
2020-08-21,CLLS,Buy
2020-08-21,PHR,Buy
2020-08-21,MCRB,Sell
2020-08-21,MTLS,Sell
2020-08-21,NTDOY,Buy
2020-08-21,PACB,Buy
2020-08-21,PSTG,Buy
2020-08-21,SNPS,Buy
2020-08-21,TSLA,Sell
2020-08-21,NIU,Buy
2020-08-21,ROK,Buy
2020-08-21,TRMB,Buy
2020-08-21,TSM,Buy
2020-08-21,ADYEY,Buy
2020-08-21,OKTA,Buy
2020-08-20,ACCD,Buy
2020-08-20,AQB,Buy
2020-08-20,CBMG,Sell
2020-08-20,CLLS,Buy
2020-08-20,PSNL,Sell
2020-08-20,CRSP,Sell
2020-08-20,MCRB,Sell
2020-08-20,NTDOY,Buy
2020-08-20,PACB,Buy
2020-08-20,PSTG,Buy
2020-08-20,SNPS,Buy
2020-08-20,SQ,Sell
2020-08-20,TSLA,Sell
2020-08-20,WORK,Buy
2020-08-19,AQB,Buy
2020-08-19,CBMG,Sell
2020-08-19,CRSP,Sell
2020-08-19,PSNL,Sell
2020-08-19,PSTG,Buy
2020-08-19,SDGR,Buy
2020-08-19,ICE,Buy
2020-08-19,MCRB,Sell
2020-08-19,MTLS,Sell
2020-08-19,PACB,Buy
2020-08-18,9923 HK,Buy
2020-08-18,ACCD,Buy
2020-08-18,CBMG,Sell
2020-08-18,CLLS,Buy
2020-08-18,ICE,Buy
2020-08-18,MCRB,Sell
2020-08-18,PACB,Buy
2020-08-18,SE,Buy
2020-08-18,TSLA,Sell
2020-08-18,AAPL,Sell
2020-08-18,BYDDY,Buy
2020-08-18,SQ,Sell
2020-08-17,AAPL,Sell
2020-08-17,GWRE,Buy
2020-08-17,ICE,Buy
2020-08-17,MELI,Sell
2020-08-17,SCHW,Buy
2020-08-17,SNAP,Buy
2020-08-17,SQ,Sell
2020-08-17,TRU,Buy
2020-08-17,WORK,Buy
2020-08-17,ACCD,Buy
2020-08-17,AQB,Buy
2020-08-17,CBMG,Sell
2020-08-17,CLLS,Buy
2020-08-17,HUYA,Buy
2020-08-17,MCRB,Sell
2020-08-17,PACB,Buy
2020-08-17,Z,Sell
2020-08-17,BYDDY,Buy
2020-08-17,MTLS,Sell
2020-08-17,NVDA,Sell
2020-08-17,SPCE,Buy
2020-08-17,TSM,Buy
2020-08-17,WKHS,Buy
2020-08-17,SPOT,Buy
2020-08-17,TSLA,Sell
2020-08-14,ACCD,Buy
2020-08-14,ADPT,Buy
2020-08-14,CBMG,Sell
2020-08-14,CSTL,Sell
2020-08-14,HUYA,Buy
2020-08-14,MTLS,Sell
2020-08-14,TSLA,Sell
2020-08-13,ADPT,Buy
2020-08-13,CGEN,Sell
2020-08-13,HUYA,Buy
2020-08-13,TREE,Sell
2020-08-13,TWOU,Buy
2020-08-13,MTLS,Sell
2020-08-13,TSM,Buy
2020-08-12,ADPT,Buy
2020-08-12,ARCT,Buy
2020-08-12,CGEN,Sell
2020-08-12,CRSP,Sell
2020-08-12,CSTL,Sell
2020-08-12,MCRB,Sell
2020-08-12,NSTG,Buy
2020-08-12,NVTA,Sell
2020-08-12,PACB,Buy
2020-08-12,PSNL,Buy
2020-08-12,SDGR,Buy
2020-08-12,TDOC,Buy
2020-08-12,HUYA,Buy
2020-08-12,PD,Buy
2020-08-12,SQ,Sell
2020-08-12,TREE,Sell
2020-08-12,TWOU,Buy
2020-08-12,Z,Sell
2020-08-12,MTLS,Sell
2020-08-12,TSLA,Sell
2020-08-12,TSM,Buy
2020-08-12,LC,Buy
2020-08-11,ADPT,Buy
2020-08-11,ARCT,Buy
2020-08-11,BLI,Buy
2020-08-11,CRSP,Sell
2020-08-11,CSTL,Sell
2020-08-11,INO,Sell
2020-08-11,MCRB,Sell
2020-08-11,NSTG,Buy
2020-08-11,TDOC,Buy
2020-08-11,HUYA,Buy
2020-08-11,PD,Buy
2020-08-11,WORK,Buy
2020-08-11,MTLS,Sell
2020-08-11,AMZN,Sell
2020-08-11,LC,Buy
2020-08-11,TWTR,Sell
2020-08-11,Z,Sell
2020-08-10,ICE,Buy
2020-08-10,Z,Sell
2020-08-10,BLI,Buy
2020-08-10,CERS,Buy
2020-08-10,CGEN,Sell
2020-08-10,MCRB,Sell
2020-08-10,SDGR,Buy
2020-08-10,SURF,Buy
2020-08-10,TDOC,Buy
2020-08-10,ADSK,Sell
2020-08-10,SQ,Sell
2020-08-10,TWOU,Buy
2020-08-10,WORK,Buy
2020-08-10,MTLS,Sell
2020-08-10,NVDA,Sell
2020-08-10,TSM,Buy
2020-08-10,WKHS,Buy
2020-08-10,AYX,Buy
2020-08-10,LC,Buy
2020-08-10,SE,Buy
2020-08-10,TCEHY,Sell
2020-08-10,TTD,Buy
2020-08-10,WDAY,Sell
2020-08-07,MELI,Sell
2020-08-07,TWLO,Buy
2020-08-07,Z,Sell
2020-08-07,AQB,Buy
2020-08-07,ARCT,Sell
2020-08-07,CDNA,Sell
2020-08-07,CERS,Buy
2020-08-07,CGEN,Sell
2020-08-07,CRSP,Sell
2020-08-07,ILMN,Buy
2020-08-07,TDOC,Buy
2020-08-07,TWST,Sell
2020-08-07,ROKU,Sell
2020-08-07,SPLK,Sell
2020-08-07,SQ,Sell
2020-08-07,TER,Sell
2020-08-07,AYX,Buy
2020-08-06,CERS,Buy
2020-08-06,CGEN,Sell
2020-08-06,CRSP,Sell
2020-08-06,ILMN,Sell
2020-08-06,MCRB,Sell
2020-08-06,TDOC,Buy
2020-08-06,FB,Buy
2020-08-06,SNAP,Sell
2020-08-06,SQ,Sell
2020-08-06,AAPL,Sell
2020-08-06,PRLB,Buy
2020-08-06,TSLA,Sell
2020-08-06,TWOU,Buy
2020-08-06,HUYA,Sell
2020-08-06,LC,Buy
2020-08-06,SPLK,Sell
2020-08-06,TWTR,Sell
2020-08-06,WIX,Buy
2020-08-06,Z,Sell
2020-08-05,CDNA,Sell
2020-08-05,GH,Sell
2020-08-05,MCRB,Sell
2020-08-05,PACB,Buy
2020-08-05,PSNL,Sell
2020-08-05,SURF,Buy
2020-08-05,TDOC,Buy
2020-08-05,TXG,Sell
2020-08-05,PRLB,Buy
2020-08-05,ROKU,Sell
2020-08-05,SQ,Sell
2020-08-05,TSLA,Sell
2020-08-05,TWLO,Buy
2020-08-05,TWOU,Sell
2020-08-05,LC,Buy
2020-08-05,NTDOY,Buy
2020-08-05,WDAY,Sell
2020-08-05,XLNX,Buy
2020-08-05,Z,Sell
2020-08-04,CGEN,Sell
2020-08-04,GH,Sell
2020-08-04,MCRB,Sell
2020-08-04,NSTG,Sell
2020-08-04,PACB,Buy
2020-08-04,SURF,Buy
2020-08-04,TXG,Sell
2020-08-04,XLNX,Buy
2020-08-04,PRLB,Buy
2020-08-04,ROKU,Sell
2020-08-04,SPLK,Sell
2020-08-04,SPOT,Buy
2020-08-04,SQ,Sell
2020-08-04,TWOU,Sell
2020-08-04,AYX,Buy
2020-08-04,LC,Buy
2020-08-04,NTDOY,Buy
2020-08-04,WDAY,Sell
2020-08-03,AYX,Buy
2020-08-03,NFLX,Buy
2020-08-03,NTDOY,Buy
2020-08-03,ROKU,Sell
2020-08-03,SPOT,Buy
2020-08-03,SQ,Sell
2020-08-03,WDAY,Sell
2020-08-03,IOVA,Buy
2020-08-03,PSTG,Buy
2020-08-03,TWOU,Sell
2020-08-03,Z,Sell
2020-08-03,ZS,Sell
2020-08-03,CGEN,Sell
2020-08-03,CLLS,Buy
2020-08-03,GH,Sell
2020-08-03,IONS,Buy
2020-08-03,MCRB,Sell
2020-08-03,NSTG,Sell
2020-08-03,SURF,Buy
2020-08-03,TXG,Sell
2020-08-03,XLNX,Buy
2020-08-03,ICE,Buy
2020-08-03,LC,Buy
2020-07-31,CLLS,Buy
2020-07-31,CRSP,Sell
2020-07-31,EDIT,Buy
2020-07-31,ILMN,Sell
2020-07-31,IOVA,Buy
2020-07-31,PSTG,Buy
2020-07-31,SNAP,Buy
2020-07-31,SQ,Sell
2020-07-31,TWOU,Sell
2020-07-31,TEAM,Buy
2020-07-30,9923 HK,Buy
2020-07-30,CLLS,Buy
2020-07-30,EDIT,Buy
2020-07-30,IOVA,Buy
2020-07-30,NVTA,Sell
2020-07-30,TWOU,Sell
2020-07-30,Z,Sell
2020-07-30,ESLT,Buy
2020-07-30,GBTC,Sell
2020-07-30,PINS,Sell
2020-07-30,SNAP,Buy
2020-07-30,SPOT,Buy
2020-07-29,9923 HK,Buy
2020-07-29,SQ,Sell
2020-07-29,TREE,Sell
2020-07-29,ZS,Sell
2020-07-29,EDIT,Buy
2020-07-29,IOVA,Buy
2020-07-29,MTLS,Sell
2020-07-29,NVTA,Sell
2020-07-29,PINS,Sell
2020-07-29,SPOT,Buy
2020-07-29,TWOU,Sell
2020-07-29,Z,Sell
2020-07-29,ESLT,Buy
2020-07-29,GBTC,Sell
2020-07-28,AVAV,Buy
2020-07-28,ESLT,Buy
2020-07-28,EDIT,Buy
2020-07-28,IOVA,Buy
2020-07-28,MTLS,Sell
2020-07-28,PD,Buy
2020-07-27,ARCT,Sell
2020-07-27,IONS,Buy
2020-07-27,MCRB,Sell
2020-07-27,EDIT,Buy
2020-07-27,IOVA,Buy
2020-07-27,MTLS,Sell
2020-07-27,NVTA,Sell
2020-07-27,ROKU,Sell
2020-07-27,SNAP,Buy
2020-07-27,TER,Buy
2020-07-27,TREE,Sell
2020-07-27,ADSK,Sell
2020-07-27,AVAV,Buy
2020-07-27,CAT,Buy
2020-07-27,DE,Buy
2020-07-27,ESLT,Buy
2020-07-27,FLIR,Buy
2020-07-27,IRDM,Buy
2020-07-27,PRLB,Sell
2020-07-27,AYX,Sell
2020-07-27,TSLA,Sell
2020-07-27,TSM,Buy
2020-07-27,ZS,Sell
2020-07-24,PRLB,Sell
2020-07-24,TER,Buy
2020-07-24,NFLX,Buy
2020-07-24,TREE,Sell
2020-07-24,TWOU,Sell
2020-07-24,EDIT,Buy
2020-07-24,MTLS,Sell
2020-07-24,ROKU,Sell
2020-07-24,SNAP,Buy
2020-07-24,SPOT,Buy
2020-07-24,WORK,Buy
2020-07-24,XLNX,Sell
2020-07-24,Z,Sell
2020-07-24,CLLS,Buy
2020-07-23,TCS LI,Buy
2020-07-23,ARCT,Sell
2020-07-23,EDIT,Buy
2020-07-23,HUYA,Buy
2020-07-23,ILMN,Sell
2020-07-23,MTLS,Sell
2020-07-23,NVTA,Sell
2020-07-23,SNAP,Buy
2020-07-23,SQ,Sell
2020-07-23,Z,Sell
2020-07-23,NFLX,Buy
2020-07-23,TREE,Sell
2020-07-23,TSLA,Sell
2020-07-22,4755 JP,Sell
2020-07-22,SCHW,Buy
2020-07-22,VRSK,Buy
2020-07-22,ARCT,Sell
2020-07-22,EDIT,Buy
2020-07-22,HUYA,Buy
2020-07-22,MTLS,Sell
2020-07-22,PINS,Sell
2020-07-22,SNAP,Buy
2020-07-22,Z,Sell
2020-07-22,SQ,Sell
2020-07-22,TSLA,Sell
2020-07-21,ADPT,Buy
2020-07-21,NSTG,Sell
2020-07-21,HUYA,Buy
2020-07-21,MTLS,Sell
2020-07-21,NVTA,Sell
2020-07-21,TWST,Buy
2020-07-21,BYDDY,Buy
2020-07-21,TWOU,Sell
2020-07-21,PSTG,Buy
2020-07-20,ADPT,Buy
2020-07-20,BLCM,Sell
2020-07-20,NSTG,Sell
2020-07-20,PGEN,Sell
2020-07-20,HUYA,Buy
2020-07-20,MTLS,Sell
2020-07-20,NVTA,Sell
2020-07-20,TSLA,Sell
2020-07-20,TWST,Buy
2020-07-20,ADSK,Sell
2020-07-20,BYDDY,Buy
2020-07-20,GOOG,Buy
2020-07-20,TWOU,Sell
2020-07-20,WKHS,Buy
2020-07-20,XLNX,Buy
2020-07-20,ADBE,Sell
2020-07-20,BIDU,Sell
2020-07-20,HUBS,Sell
2020-07-20,PSTG,Buy
2020-07-20,SHOP,Sell
2020-07-20,WORK,Buy
2020-07-17,BLI,Buy
2020-07-17,HUYA,Buy
2020-07-17,MTLS,Sell
2020-07-17,NVTA,Sell
2020-07-17,ROKU,Buy
2020-07-17,TSLA,Sell
2020-07-17,TWOU,Sell
2020-07-17,TWST,Buy
2020-07-17,WORK,Buy
2020-07-17,NFLX,Buy
2020-07-16,HUYA,Buy
2020-07-16,MTLS,Sell
2020-07-16,TSLA,Sell
2020-07-16,TWOU,Sell
2020-07-16,TWST,Buy
2020-07-16,WORK,Buy
2020-07-16,ESLT,Buy
2020-07-15,ACCD,Buy
2020-07-15,HUYA,Buy
2020-07-15,NVTA,Sell
2020-07-15,TSLA,Sell
2020-07-15,TWST,Buy
2020-07-15,ESLT,Buy
2020-07-15,TWOU,Sell
2020-07-14,DOCU,Buy
2020-07-14,PDD,Sell
2020-07-14,PINS,Sell
2020-07-14,SE,Buy
2020-07-14,ACCD,Buy
2020-07-14,ARCT,Sell
2020-07-14,CGEN,Sell
2020-07-14,NVTA,Sell
2020-07-14,VRTX,Buy
2020-07-14,HUYA,Buy
2020-07-14,PRLB,Buy
2020-07-14,TSLA,Sell
2020-07-14,TWST,Buy
2020-07-14,ESLT,Buy
2020-07-14,KMTUY,Buy
2020-07-14,KTOS,Buy
2020-07-14,GBTC,Buy
2020-07-14,LC,Buy
2020-07-14,PDD,Buy
2020-07-14,SNAP,Sell
2020-07-13,ACCD,Buy
2020-07-13,ARCT,Sell
2020-07-13,CGEN,Sell
2020-07-13,GH,Sell
2020-07-13,ILMN,Sell
2020-07-13,VRTX,Buy
2020-07-13,DOCU,Buy
2020-07-13,HUYA,Buy
2020-07-13,NVTA,Sell
2020-07-13,PINS,Sell
2020-07-13,PRLB,Buy
2020-07-13,SQ,Sell
2020-07-13,TSLA,Sell
2020-07-13,TWST,Buy
2020-07-13,WORK,Buy
2020-07-13,BIDU,Buy
2020-07-13,BYDDY,Buy
2020-07-13,CAT,Buy
2020-07-13,DE,Buy
2020-07-13,ESLT,Buy
2020-07-13,FLIR,Buy
2020-07-13,GOOG,Buy
2020-07-13,IRDM,Buy
2020-07-13,JD,Buy
2020-07-13,KMTUY,Buy
2020-07-13,KTOS,Buy
2020-07-13,SPCE,Buy
2020-07-13,XLNX,Buy
2020-07-13,GBTC,Buy
2020-07-13,LC,Buy
2020-07-13,PDD,Sell
2020-07-13,SE,Buy
2020-07-13,SPLK,Sell
2020-07-13,TDOC,Buy
2020-07-10,HUYA,Buy
2020-07-10,NVTA,Sell
2020-07-10,PRLB,Buy
2020-07-10,PSTG,Buy
2020-07-10,TSLA,Sell
2020-07-10,TWST,Buy
2020-07-10,XLNX,Sell
2020-07-10,WKHS,Buy
2020-07-10,LC,Buy
2020-07-10,PDD,Sell
2020-07-09,ARCT,Sell
2020-07-09,HUYA,Buy
2020-07-09,IOVA,Buy
2020-07-09,NVTA,Sell
2020-07-09,PRLB,Buy
2020-07-09,PSTG,Buy
2020-07-09,SQ,Sell
2020-07-09,TSLA,Sell
2020-07-09,TSM,Buy
2020-07-09,TWST,Buy
2020-07-09,WORK,Buy
2020-07-09,XLNX,Sell
2020-07-09,BYDDY,Buy
2020-07-09,LC,Buy
2020-07-09,PDD,Sell
2020-07-08,LC,Buy
2020-07-08,PDD,Sell
2020-07-08,SQ,Sell
2020-07-08,TSLA,Sell
2020-07-08,TWTR,Buy
2020-07-08,BYDDY,Buy
2020-07-08,IOVA,Buy
2020-07-08,PRLB,Buy
2020-07-08,PSTG,Buy
2020-07-08,TSM,Buy
2020-07-08,TWLO,Buy
2020-07-08,TWST,Buy
2020-07-08,ARCT,Sell
2020-07-08,CDNA,Buy
2020-07-08,NVTA,Sell
2020-07-08,TCS LI,Buy
2020-07-07,GBTC,Buy
2020-07-07,LC,Buy
2020-07-07,PDD,Sell
2020-07-07,TSLA,Sell
2020-07-07,AVAV,Sell
2020-07-07,BYDDY,Buy
2020-07-07,GOOG,Buy
2020-07-07,IOVA,Buy
2020-07-07,TWST,Buy
2020-07-07,XONE,Sell
2020-07-07,ARCT,Sell
2020-07-07,CDNA,Buy
2020-07-07,CLLS,Buy
2020-07-07,TCS LI,Buy
2020-07-07,3690 HK,Sell
2020-07-07,DSY SJ,Buy
2020-07-06,ADYEN NA,Buy
2020-07-06,IBKR,Buy
2020-07-06,PDD,Sell
2020-07-06,PYPL,Sell
2020-07-06,SPLK,Sell
2020-07-06,SQ,Sell
2020-07-06,TRU,Buy
2020-07-06,TWLO,Sell
2020-07-06,WDAY,Buy
2020-07-06,WORK,Buy
2020-07-06,CDNA,Buy
2020-07-06,NVTA,Sell
2020-07-06,LC,Sell
2020-07-06,XONE,Sell
2020-07-06,ADSK,Sell
2020-07-06,AMZN,Sell
2020-07-06,AVAV,Sell
2020-07-06,GOOG,Buy
2020-07-06,TER,Sell
2020-07-06,GBTC,Buy
2020-07-06,TCEHY,Sell
2020-07-06,TSLA,Sell
2020-07-06,VMW,Buy
2020-07-02,LC,Sell
2020-07-02,XONE,Sell
2020-07-02,ADYEY,Buy
2020-07-02,PYPL,Sell
2020-07-01,ILMN,Sell
2020-07-01,PHR,Buy
2020-07-01,CRSP,Buy
2020-07-01,IOVA,Buy
2020-07-01,LC,Sell
2020-07-01,TSLA,Sell
2020-07-01,GOOG,Buy
2020-07-01,WKHS,Buy
2020-07-01,ADYEY,Buy
2020-07-01,PYPL,Sell
2020-06-30,CGEN,Sell
2020-06-30,PHR,Buy
2020-06-30,IOVA,Buy
2020-06-30,TER,Sell
2020-06-30,TSLA,Sell
2020-06-30,ADSK,Sell
2020-06-30,AVAV,Sell
2020-06-30,GOOG,Buy
2020-06-30,SPCE,Buy
2020-06-30,ADYEY,Buy
2020-06-30,PYPL,Sell
2020-06-29,CGEN,Sell
2020-06-29,INO,Sell
2020-06-29,IOVA,Buy
2020-06-29,PHR,Buy
2020-06-29,ADSK,Sell
2020-06-29,LC,Sell
2020-06-29,ROKU,Buy
2020-06-29,TER,Sell
2020-06-29,WORK,Buy
2020-06-29,AVAV,Sell
2020-06-29,GOOG,Buy
2020-06-29,SPLK,Sell
2020-06-29,ADYEY,Buy
2020-06-29,PYPL,Sell
2020-06-26,TWOU,Sell
2020-06-26,ARCT,Sell
2020-06-26,CLLS,Buy
2020-06-26,TCS LI,Buy
2020-06-26,3690 HK,Sell
2020-06-26,FB,Buy
2020-06-25,TCS LI,Buy
2020-06-25,SQ,Sell
2020-06-25,WORK,Buy
2020-06-25,ARCT,Sell
2020-06-25,CLLS,Buy
2020-06-25,ADSK,Sell
2020-06-25,NVTA,Sell
2020-06-25,TSLA,Sell
2020-06-25,TWOU,Sell
2020-06-24,TCS LI,Buy
2020-06-24,PDD,Sell
2020-06-24,SE,Sell
2020-06-24,SQ,Sell
2020-06-24,Z,Buy
2020-06-24,CLLS,Buy
2020-06-24,PSNL,Buy
2020-06-24,SDGR,Buy
2020-06-24,ADSK,Sell
2020-06-24,ILMN,Sell
2020-06-24,TREE,Buy
2020-06-24,WORK,Buy
2020-06-24,XONE,Sell
2020-06-24,WKHS,Buy
2020-06-24,PSTG,Buy
2020-06-24,SPLK,Sell
2020-06-24,SPOT,Buy
2020-06-23,CLLS,Buy
2020-06-23,PSNL,Buy
2020-06-23,ILMN,Sell
2020-06-23,NVTA,Sell
2020-06-23,PSTG,Buy
2020-06-23,TREE,Buy
2020-06-23,XONE,Sell
2020-06-23,PD,Sell
2020-06-23,SPOT,Buy
2020-06-22,SQ,Sell
2020-06-22,TREE,Buy
2020-06-22,AQB,Buy
2020-06-22,CBMG,Sell
2020-06-22,CLLS,Buy
2020-06-22,GH,Buy
2020-06-22,ILMN,Sell
2020-06-22,INCY,Buy
2020-06-22,IONS,Buy
2020-06-22,NVTA,Sell
2020-06-22,PSNL,Buy
2020-06-22,PSTG,Buy
2020-06-22,SDGR,Buy
2020-06-22,TXG,Buy
2020-06-22,ADSK,Sell
2020-06-22,CGEN,Sell
2020-06-22,IOVA,Buy
2020-06-22,NSTG,Sell
2020-06-22,PD,Sell
2020-06-22,SPLK,Sell
2020-06-22,SPOT,Buy
2020-06-22,FLIR,Buy
2020-06-22,NVDA,Sell
2020-06-22,SPCE,Buy
2020-06-22,TER,Sell
2020-06-22,NFLX,Buy
2020-06-22,SNAP,Sell
2020-06-19,6060 HK,Buy
2020-06-19,LC,Buy
2020-06-19,ARCT,Sell
2020-06-19,CLLS,Buy
2020-06-19,IONS,Buy
2020-06-19,ADSK,Sell
2020-06-19,CGEN,Sell
2020-06-19,IOVA,Buy
2020-06-19,NSTG,Sell
2020-06-19,WORK,Buy
2020-06-19,Z,Sell
2020-06-19,AAPL,Sell
2020-06-18,WDI GR,Sell
2020-06-18,ARCT,Sell
2020-06-18,CBMG,Sell
2020-06-18,CLLS,Buy
2020-06-18,CRSP,Buy
2020-06-18,EDIT,Sell
2020-06-18,IOVA,Buy
2020-06-17,JD,Buy
2020-06-17,MTLS,Sell
2020-06-17,CRSP,Buy
2020-06-17,EDIT,Sell
2020-06-16,3690 HK,Sell
2020-06-16,SNAP,Buy
2020-06-16,PACB,Buy
2020-06-16,CRSP,Buy
2020-06-16,IOVA,Buy
2020-06-16,LC,Sell
2020-06-16,ROKU,Buy
2020-06-16,TSLA,Sell
2020-06-16,XONE,Sell
2020-06-16,Z,Sell
2020-06-16,ESLT,Buy
2020-06-16,MTLS,Sell
2020-06-16,PINS,Sell
2020-06-16,SE,Sell
2020-06-16,TCEHY,Buy
2020-06-15,IBKR,Buy
2020-06-15,MELI,Sell
2020-06-15,PDD,Sell
2020-06-15,SE,Sell
2020-06-15,SNAP,Buy
2020-06-15,WORK,Buy
2020-06-15,CDXS,Sell
2020-06-15,PACB,Buy
2020-06-15,IOVA,Buy
2020-06-15,LC,Sell
2020-06-15,PD,Buy
2020-06-15,PSTG,Buy
2020-06-15,SQ,Sell
2020-06-15,TWST,Buy
2020-06-15,Z,Sell
2020-06-15,ADSK,Sell
2020-06-15,AVAV,Sell
2020-06-15,ESLT,Buy
2020-06-15,KTOS,Buy
2020-06-15,PRLB,Sell
2020-06-15,SPCE,Buy
2020-06-15,TER,Sell
2020-06-15,TWOU,Buy
2020-06-15,XLNX,Buy
2020-06-15,PINS,Sell
2020-06-15,ROKU,Buy
2020-06-15,SPOT,Buy
2020-06-15,TSLA,Sell
2020-06-15,TWLO,Sell
2020-06-15,VMW,Buy
2020-06-12,CDXS,Sell
2020-06-12,GH,Buy
2020-06-12,PACB,Buy
2020-06-12,LC,Sell
2020-06-12,IRDM,Buy
2020-06-12,TER,Sell
2020-06-11,CDNA,Buy
2020-06-11,IOVA,Buy
2020-06-11,IRDM,Buy
2020-06-11,SPCE,Buy
2020-06-11,TSLA,Sell
2020-06-10,3690 HK,Sell
2020-06-10,GWRE,Buy
2020-06-10,CDXS,Sell
2020-06-10,ADSK,Sell
2020-06-10,IOVA,Buy
2020-06-10,IRDM,Buy
2020-06-10,NSTG,Sell
2020-06-09,CDXS,Sell
2020-06-09,FATE,Buy
2020-06-09,ADSK,Sell
2020-06-09,IRDM,Buy
2020-06-09,SPLK,Sell
2020-06-09,SQ,Sell
2020-06-09,WORK,Buy
2020-06-09,AVAV,Sell
2020-06-09,KTOS,Buy
2020-06-08,PD,Buy
2020-06-08,SPLK,Sell
2020-06-08,VCYT,Sell
2020-06-08,WORK,Buy
2020-06-08,AVAV,Sell
2020-06-08,FLIR,Buy
2020-06-08,KTOS,Buy
2020-06-08,TER,Sell
2020-06-08,XLNX,Buy
2020-06-08,ADSK,Sell
2020-06-08,IRDM,Buy
2020-06-08,LC,Sell
2020-06-08,MTLS,Sell
2020-06-08,XONE,Sell
2020-06-08,CDXS,Sell
2020-06-05,PSTI,Buy
2020-06-05,ILMN,Sell
2020-06-05,IOVA,Buy
2020-06-05,LC,Sell
2020-06-05,MTLS,Sell
2020-06-05,NSTG,Sell
2020-06-05,NTLA,Sell
2020-06-05,PD,Buy
2020-06-05,PRLB,Sell
2020-06-05,ROKU,Buy
2020-06-05,SPLK,Sell
2020-06-05,SQ,Sell
2020-06-05,TREE,Sell
2020-06-05,TSLA,Sell
2020-06-05,WORK,Buy
2020-06-05,XLNX,Sell
2020-06-05,Z,Sell
2020-06-05,TWTR,Sell
2020-06-05,VCYT,Sell
2020-06-04,IOVA,Buy
2020-06-04,PSTI,Buy
2020-06-04,LC,Sell
2020-06-03,ROKU,Buy
2020-06-03,SQ,Sell
2020-06-03,CGEN,Sell
2020-06-03,ILMN,Sell
2020-06-03,IOVA,Buy
2020-06-03,LC,Sell
2020-06-03,XONE,Sell
2020-06-03,PSTI,Buy
2020-06-02,ADYEN,Sell
2020-06-02,CGEN,Sell
2020-06-02,IONS,Buy
2020-06-02,LC,Sell
2020-06-02,SPLK,Sell
2020-06-02,TWST,Buy
2020-06-02,Z,Sell
2020-06-02,BIDU,Buy
2020-06-02,CAT,Buy
2020-06-02,JD,Buy
2020-06-02,KMTUY,Buy
2020-06-02,PRLB,Sell
2020-06-01,TWST,Buy
2020-06-01,CRM,Sell
2020-06-01,DOCU,Sell
2020-06-01,GWRE,Sell
2020-06-01,IBKR,Buy
2020-06-01,WDAY,Buy
2020-06-01,DE,Buy
2020-06-01,NSTG,Sell
2020-06-01,NVTA,Buy
2020-06-01,CGEN,Sell
2020-06-01,BIDU,Buy
2020-06-01,JD,Buy
2020-06-01,PRLB,Sell
2020-06-01,XONE,Sell
2020-06-01,GH,Sell
2020-06-01,IONS,Buy
2020-06-01,TXG,Buy
2020-05-29,CRM,Buy
2020-05-29,ZS,Sell
2020-05-29,ILMN,Sell
2020-05-29,IOVA,Buy
2020-05-29,PRLB,Sell
2020-05-29,SQ,Sell
2020-05-29,TWOU,Sell
2020-05-29,CGEN,Sell
2020-05-28,LC,Buy
2020-05-28,PYPL,Sell
2020-05-28,TWST,Buy
2020-05-28,XONE,Sell
2020-05-28,BIDU,Buy
2020-05-28,CAT,Buy
2020-05-28,DE,Buy
2020-05-28,JD,Buy
2020-05-28,KMTUY,Buy
2020-05-28,PRLB,Sell
2020-05-27,TWST,Buy
2020-05-27,IONS,Buy
2020-05-27,TXG,Buy
2020-05-27,GWRE,Sell
2020-05-27,LC,Buy
2020-05-27,PYPL,Sell
2020-05-26,AYX,Sell
2020-05-26,FB,Buy
2020-05-26,PD,Sell
2020-05-26,PINS,Sell
2020-05-26,PSTG,Buy
2020-05-26,ADSK,Sell
2020-05-26,ILMN,Sell
2020-05-26,LC,Sell
2020-05-26,SPOT,Buy
2020-05-26,Z,Sell
2020-05-26,CGEN,Sell
2020-05-26,NTLA,Sell
2020-05-26,TXG,Buy
2020-05-22,NTLA,Sell
2020-05-22,PSNL,Buy
2020-05-22,ROKU,Buy
2020-05-22,SPLK,Sell
2020-05-22,SQ,Sell
2020-05-22,TSLA,Sell
2020-05-21,CLLS,Buy
2020-05-21,PSNL,Buy
2020-05-21,PSTG,Buy
2020-05-21,ROKU,Buy
2020-05-21,XLNX,Sell
2020-05-21,XONE,Sell
2020-05-21,HUYA,Buy
2020-05-20,FB,Buy
2020-05-20,TWLO,Sell
2020-05-20,ARCT,Sell
2020-05-20,CLLS,Buy
2020-05-20,IONS,Buy
2020-05-20,PSNL,Buy
2020-05-20,EDIT,Buy
2020-05-20,ILMN,Sell
2020-05-20,NSTG,Sell
2020-05-20,PINS,Sell
2020-05-20,PSTG,Buy
2020-05-20,ROKU,Buy
2020-05-20,HUYA,Buy
2020-05-20,NFLX,Sell
2020-05-19,WDI GR,Buy
2020-05-19,NVDA,Sell
2020-05-19,PYPL,Buy
2020-05-19,SCHW,Sell
2020-05-19,ARCT,Sell
2020-05-19,CLLS,Buy
2020-05-19,PSNL,Buy
2020-05-19,EDIT,Buy
2020-05-19,ILMN,Sell
2020-05-19,LC,Sell
2020-05-19,XONE,Sell
2020-05-19,TTD,Sell
2020-05-18,ADSK,Sell
2020-05-18,GOOG,Buy
2020-05-18,TCEHY,Buy
2020-05-18,TSM,Buy
2020-05-18,CRSP,Buy
2020-05-18,EDIT,Buy
2020-05-18,LC,Sell
2020-05-18,TWOU,Sell
2020-05-18,XONE,Sell
2020-05-18,ARCT,Sell
2020-05-18,PSNL,Buy
2020-05-18,TXG,Buy
2020-05-15,ARCT,Sell
2020-05-15,CRSP,Buy
2020-05-15,ILMN,Sell
2020-05-15,LC,Sell
2020-05-15,TER,Buy
2020-05-15,TSLA,Sell
2020-05-15,TWOU,Sell
2020-05-14,CGEN,Buy
2020-05-14,IRDM,Buy
2020-05-14,LC,Sell
2020-05-14,NSTG,Sell
2020-05-14,TWOU,Sell
2020-05-14,TWST,Buy
2020-05-13,ADPT,Buy
2020-05-13,CGEN,Sell
2020-05-13,EDIT,Sell
2020-05-13,ILMN,Sell
2020-05-13,INCY,Sell
2020-05-13,INO,Sell
2020-05-13,SDGR,Buy
2020-05-13,NSTG,Sell
2020-05-13,TSLA,Sell
2020-05-13,TWOU,Sell
2020-05-13,TWST,Buy
2020-05-13,Z,Buy
2020-05-13,MELI,Sell
2020-05-13,XLNX,Sell
2020-05-12,CSTL,Buy
2020-05-12,TSLA,Sell
2020-05-12,Z,Buy
2020-05-12,APTV,Sell
2020-05-12,KMTUY,Buy
2020-05-11,AMZN,Buy
2020-05-11,PINS,Buy
2020-05-11,PYPL,Sell
2020-05-11,TWLO,Sell
2020-05-11,ARCT,Sell
2020-05-11,CSTL,Buy
2020-05-11,CERS,Buy
2020-05-11,LC,Sell
2020-05-11,APTV,Sell
2020-05-11,CAT,Buy
2020-05-11,DE,Buy
2020-05-11,IRDM,Buy
2020-05-11,KMTUY,Buy
2020-05-11,PD,Buy
2020-05-08,ROKU,Buy
2020-05-08,SPOT,Buy
2020-05-08,SQ,Sell
2020-05-08,TSLA,Sell
2020-05-08,Z,Sell
2020-05-08,CERS,Buy
2020-05-08,LC,Sell
2020-05-08,NSTG,Sell
2020-05-08,TWST,Buy
2020-05-08,ARCT,Sell
2020-05-08,CSTL,Buy
2020-05-08,PACB,Buy
2020-05-07,ARCT,Sell
2020-05-07,CGEN,Sell
2020-05-07,CSTL,Buy
2020-05-07,PACB,Buy
2020-05-07,VCYT,Buy
2020-05-07,CERS,Buy
2020-05-07,ILMN,Sell
2020-05-07,LC,Sell
2020-05-07,NSTG,Sell
2020-05-07,TREE,Buy
2020-05-07,TWOU,Sell
2020-05-07,TWST,Buy
2020-05-07,ANSS,Buy
2020-05-07,TSLA,Sell
2020-05-07,AYX,Buy
2020-05-07,MELI,Sell
2020-05-07,OKTA,Buy
2020-05-07,TWLO,Sell
2020-05-06,ARCT,Sell
2020-05-06,CERS,Buy
2020-05-06,CSTL,Buy
2020-05-06,INO,Sell
2020-05-06,PACB,Buy
2020-05-06,PSTG,Buy
2020-05-06,ILMN,Sell
2020-05-06,PINS,Buy
2020-05-06,TREE,Buy
2020-05-06,TSLA,Sell
2020-05-06,TWOU,Sell
2020-05-06,TWST,Buy
2020-05-06,ADSK,Sell
2020-05-06,MTLS,Buy
2020-05-06,MELI,Sell
2020-05-06,TWTR,Sell
2020-05-05,ARCT,Sell
2020-05-05,PACB,Buy
2020-05-05,PSTG,Buy
2020-05-05,TXG,Buy
2020-05-05,LC,Sell
2020-05-05,MTLS,Buy
2020-05-05,HUYA,Buy
2020-05-05,NFLX,Sell
2020-05-05,TREE,Buy
2020-05-05,XLNX,Sell
2020-05-04,AMZN,Sell
2020-05-04,BABA,Buy
2020-05-04,GWRE,Buy
2020-05-04,PYPL,Sell
2020-05-04,TCEHY,Sell
2020-05-04,ARCT,Sell
2020-05-04,CDNA,Buy
2020-05-04,GH,Buy
2020-05-04,INO,Sell
2020-05-04,TXG,Buy
2020-05-04,LC,Sell
2020-05-04,MTLS,Buy
2020-05-04,TER,Buy
2020-05-04,XLNX,Sell
2020-05-04,HUYA,Buy
2020-05-04,SE,Sell
2020-05-01,MELI,Sell
2020-05-01,SI,Buy
2020-05-01,ARCT,Sell
2020-05-01,CDNA,Buy
2020-05-01,CRSP,Buy
2020-05-01,ILMN,Sell
2020-05-01,MTLS,Buy
2020-05-01,TER,Buy
2020-05-01,XLNX,Sell
2020-04-30,MTLS,Buy
2020-04-29,SI,Buy
2020-04-29,ARCT,Buy
2020-04-29,CRSP,Buy
2020-04-29,INO,Sell
2020-04-28,WDI GR,Buy
2020-04-28,BABA,Sell
2020-04-28,LC,Buy
2020-04-28,PDD,Sell
2020-04-28,NTLA,Sell
2020-04-28,KTOS,Buy
2020-04-27,ADSK,Sell
2020-04-27,AMZN,Sell
2020-04-27,BIDU,Buy
2020-04-27,CAT,Buy
2020-04-27,KTOS,Buy
2020-04-27,FB,Buy
2020-04-27,PINS,Sell
2020-04-27,SNAP,Sell
2020-04-27,TSLA,Sell
2020-04-27,CRSP,Sell
2020-04-27,LC,Sell
2020-04-27,ZS,Buy
2020-04-27,ADPT,Buy
2020-04-27,ARCT,Sell
2020-04-27,INO,Sell
2020-04-27,NTLA,Sell
2020-04-27,DOCU,Sell
2020-04-27,IBKR,Buy
2020-04-27,INTU,Sell
2020-04-27,NVDA,Sell
2020-04-24,LC,Sell
2020-04-24,NTLA,Sell
2020-04-23,ADSK,Sell
2020-04-23,CGEN,Sell
2020-04-23,EDIT,Sell
2020-04-23,ILMN,Sell
2020-04-23,LC,Sell
2020-04-23,SQ,Sell
2020-04-23,TER,Buy
2020-04-23,TSLA,Sell
2020-04-23,XLNX,Buy
2020-04-23,ZS,Buy
2020-04-23,APTV,Sell
2020-04-23,PYPL,Sell
2020-04-22,CGEN,Sell
2020-04-22,IOVA,Buy
2020-04-22,CRSP,Sell
2020-04-22,EDIT,Sell
2020-04-22,ILMN,Sell
2020-04-22,ROKU,Sell
2020-04-22,TER,Buy
2020-04-22,ESLT,Buy
2020-04-22,TSLA,Sell
2020-04-21,AMZN,Sell
2020-04-21,NVDA,Sell
2020-04-21,ZS,Buy
2020-04-21,AVAV,Sell
2020-04-21,LC,Sell
2020-04-21,ROKU,Sell
2020-04-21,TSLA,Sell
2020-04-21,TWOU,Buy
2020-04-21,CRWD,Buy
2020-04-21,OKTA,Buy
2020-04-20,INTU,Sell
2020-04-20,PINS,Buy
2020-04-20,TREE,Buy
2020-04-20,Z,Buy
2020-04-20,NSTG,Sell
2020-04-20,REGN,Sell
2020-04-20,TXG,Buy
2020-04-20,LC,Sell
2020-04-20,TSLA,Sell
2020-04-20,TWOU,Buy
2020-04-20,ZS,Buy
2020-04-20,ISRG,Buy
2020-04-20,JD,Buy
2020-04-20,TER,Buy
2020-04-20,AMZN,Sell
2020-04-20,CRWD,Buy
2020-04-20,OKTA,Buy
2020-04-17,AVAV,Sell
2020-04-17,LC,Sell
2020-04-17,NVDA,Sell
2020-04-17,PSTG,Buy
2020-04-16,ARCT,Buy
2020-04-16,CERS,Buy
2020-04-16,CGEN,Sell
2020-04-16,LC,Sell
2020-04-16,TREE,Buy
2020-04-15,CERS,Buy
2020-04-15,LC,Sell
2020-04-15,TREE,Buy
2020-04-14,LSPD CN,Buy
2020-04-13,LSPD CN,Buy
2020-04-13,SQ,Sell
2020-04-13,AVAV,Sell
2020-04-13,CERS,Buy
2020-04-09,AVAV,Sell
2020-04-09,CERS,Buy
2020-04-08,CRWD,Buy
2020-04-08,ZS,Sell
2020-04-08,AVAV,Sell
2020-04-08,CERS,Buy
2020-04-07,CERS,Buy
2020-04-06,ILMN,Sell
2020-04-06,TXG,Buy
2020-04-06,AVAV,Sell
2020-04-06,NSTG,Sell
2020-04-06,PD,Buy
2020-04-06,PSTG,Buy
2020-04-03,INO,Sell
2020-04-03,IONS,Sell
2020-04-03,PACB,Buy
2020-04-03,AVAV,Sell
2020-04-03,CERS,Buy
2020-04-03,ILMN,Sell
2020-04-03,NSTG,Sell
2020-04-03,NVDA,Sell
2020-04-03,PD,Buy
2020-04-03,PRLB,Buy
2020-04-03,PSTG,Buy
2020-04-03,SQ,Buy
2020-04-03,TREE,Buy
2020-04-03,TWTR,Sell
2020-04-03,Z,Buy
2020-04-03,TCEHY,Sell
2020-04-03,TWOU,Buy
2020-04-02,INO,Sell
2020-04-02,NVTA,Buy
2020-04-02,ADSK,Buy
2020-04-02,AVAV,Sell
2020-04-02,CERS,Buy
2020-04-02,NVDA,Sell
2020-04-02,PD,Buy
2020-04-02,SPLK,Buy
2020-04-02,TREE,Buy
2020-04-02,TWOU,Buy
2020-04-02,TWTR,Sell
2020-04-02,PSTG,Buy
2020-04-01,INO,Sell
2020-04-01,NVTA,Buy
2020-04-01,PACB,Buy
2020-04-01,PSTG,Buy
2020-04-01,TDOC,Sell
2020-04-01,AVAV,Sell
2020-04-01,PD,Buy
2020-04-01,TWOU,Buy
2020-04-01,TWTR,Sell
2020-04-01,AMZN,Sell
2020-04-01,JD,Sell
2020-04-01,NVDA,Sell
2020-04-01,PRLB,Buy
2020-03-31,CERS,Buy
2020-03-31,ILMN,Sell
2020-03-31,TREE,Buy
2020-03-31,NFLX,Sell
2020-03-31,TCEHY,Sell
2020-03-30,NVDA,Sell
2020-03-30,PINS,Buy
2020-03-30,CERS,Buy
2020-03-30,PACB,Buy
2020-03-30,AVAV,Sell
2020-03-30,PD,Buy
2020-03-30,TREE,Buy
2020-03-30,ANSS,Sell
2020-03-30,CSOD,Sell
2020-03-30,FLIR,Buy
2020-03-30,PRLB,Buy
2020-03-30,AYX,Buy
2020-03-30,HUYA,Buy
2020-03-30,ZS,Sell
2020-03-27,CERS,Buy
2020-03-27,AVAV,Sell
2020-03-27,NVDA,Sell
2020-03-27,PD,Buy
2020-03-27,PINS,Buy
2020-03-27,TREE,Buy
2020-03-27,TWTR,Sell
2020-03-25,CSOD,Sell
2020-03-25,FLIR,Buy
2020-03-25,CGEN,Buy
2020-03-25,PGEN,Sell
2020-03-25,TWST,Buy
2020-03-24,CSOD,Sell
2020-03-24,TWOU,Buy
2020-03-24,CGEN,Buy
2020-03-24,NVTA,Buy
2020-03-24,PGEN,Sell
2020-03-24,TWST,Buy
2020-03-23,AMZN,Sell
2020-03-23,DOCU,Sell
2020-03-23,HDB,Buy
2020-03-23,MELI,Sell
2020-03-23,NVDA,Sell
2020-03-23,SQ,Buy
2020-03-23,CGEN,Buy
2020-03-23,PGEN,Sell
2020-03-23,PSNL,Buy
2020-03-23,TDOC,Sell
2020-03-23,TWST,Buy
2020-03-23,VCYT,Buy
2020-03-23,CRSP,Sell
2020-03-23,EDIT,Sell
2020-03-23,PD,Buy
2020-03-23,PRLB,Buy
2020-03-23,TREE,Buy
2020-03-23,AAPL,Buy
2020-03-23,IRDM,Buy
2020-03-23,ISRG,Buy
2020-03-23,JD,Sell
2020-03-23,PDD,Sell
2020-03-23,TCEHY,Sell
2020-03-20,PSNL,Buy
2020-03-20,CERS,Buy
2020-03-20,MELI,Sell
2020-03-20,PRLB,Buy
2020-03-20,TREE,Buy
2020-03-20,TSM,Sell
2020-03-19,PACB,Buy
2020-03-19,PSNL,Buy
2020-03-19,TDOC,Sell
2020-03-19,VCYT,Buy
2020-03-19,AVAV,Sell
2020-03-19,SQ,Buy
2020-03-19,APTV,Sell
2020-03-19,FLIR,Buy
2020-03-19,KMTUY,Buy
2020-03-19,MELI,Sell
2020-03-19,TREE,Buy
2020-03-18,CERS,Buy
2020-03-18,NSTG,Buy
2020-03-18,PACB,Buy
2020-03-18,PSNL,Buy
2020-03-18,PSTG,Buy
2020-03-18,TDOC,Sell
2020-03-18,VCYT,Buy
2020-03-18,AVAV,Sell
2020-03-18,EB,Sell
2020-03-18,IOVA,Sell
2020-03-18,MELI,Sell
2020-03-18,NFLX,Sell
2020-03-18,NVTA,Buy
2020-03-18,PYPL,Sell
2020-03-18,SE,Sell
2020-03-18,SNAP,Sell
2020-03-18,SQ,Buy
2020-03-18,TCEHY,Sell
2020-03-18,TSLA,Buy
2020-03-18,XLNX,Sell
2020-03-18,Z,Buy
2020-03-18,JD,Sell
2020-03-18,TWOU,Buy
2020-03-18,BABA,Sell
2020-03-17,CERS,Buy
2020-03-17,CGEN,Buy
2020-03-17,INO,Sell
2020-03-17,NVTA,Buy
2020-03-17,PSTG,Buy
2020-03-17,RUBY,Sell
2020-03-17,TDOC,Sell
2020-03-17,AVAV,Sell
2020-03-17,MELI,Sell
2020-03-17,PD,Buy
2020-03-17,ROKU,Buy
2020-03-17,SE,Sell
2020-03-17,SNAP,Sell
2020-03-17,SQ,Buy
2020-03-17,TSLA,Buy
2020-03-17,TWOU,Buy
2020-03-17,TWTR,Sell
2020-03-17,Z,Buy
2020-03-17,JD,Sell
2020-03-17,MTLS,Buy
2020-03-17,TCEHY,Sell
2020-03-17,BABA,Sell
2020-03-17,CRM,Sell
2020-03-17,NFLX,Sell
2020-03-16,BABA,Sell
2020-03-16,CRM,Sell
2020-03-16,EB,Sell
2020-03-16,ICE,Buy
2020-03-16,MELI,Buy
2020-03-16,PINS,Buy
2020-03-16,PYPL,Sell
2020-03-16,SI,Buy
2020-03-16,SNAP,Buy
2020-03-16,SQ,Buy
2020-03-16,TCEHY,Sell
2020-03-16,Z,Buy
2020-03-16,CGEN,Buy
2020-03-16,NVTA,Buy
2020-03-16,RUBY,Sell
2020-03-16,TDOC,Sell
2020-03-16,AVAV,Sell
2020-03-16,TSLA,Buy
2020-03-16,TWOU,Buy
2020-03-16,TWTR,Sell
2020-03-16,JD,Sell
2020-03-16,SNPS,Sell
2020-03-16,AMZN,Buy
2020-03-16,PYPL,Buy
2020-03-16,SPOT,Sell
2020-03-13,GBTC,Buy
2020-03-13,NFLX,Sell
2020-03-13,PD,Buy
2020-03-13,TDOC,Sell
2020-03-13,TSLA,Buy
2020-03-13,TWOU,Buy
2020-03-13,NSTG,Sell
2020-03-13,NVTA,Buy
2020-03-12,BIDU,Sell
2020-03-12,IRDM,Buy
2020-03-12,SPLK,Buy
2020-03-12,TCEHY,Sell
2020-03-12,CRM,Sell
2020-03-12,EB,Sell
2020-03-12,GBTC,Buy
2020-03-12,PSTG,Buy
2020-03-12,ROKU,Buy
2020-03-12,SPOT,Sell
2020-03-12,SQ,Buy
2020-03-12,Z,Buy
2020-03-12,CGEN,Buy
2020-03-12,NVTA,Buy
2020-03-12,PRLB,Buy
2020-03-12,TDOC,Sell
2020-03-12,TWOU,Sell
2020-03-12,ARCT,Buy
2020-03-12,CLLS,Buy
2020-03-12,INO,Sell
2020-03-12,RUBY,Sell
2020-03-11,ADSK,Buy
2020-03-11,JD,Sell
2020-03-11,SPLK,Buy
2020-03-11,TRMB,Buy
2020-03-11,TWOU,Sell
2020-03-11,NFLX,Sell
2020-03-11,PD,Buy
2020-03-11,PDD,Buy
2020-03-11,PINS,Buy
2020-03-11,SQ,Buy
2020-03-11,TCEHY,Sell
2020-03-11,TDOC,Sell
2020-03-11,TREE,Buy
2020-03-11,Z,Buy
2020-03-11,IRDM,Buy
2020-03-11,PRLB,Buy
2020-03-11,PSTG,Buy
2020-03-11,ARCT,Buy
2020-03-11,CERS,Buy
2020-03-11,CLLS,Buy
2020-03-11,PACB,Buy
2020-03-10,ARCT,Buy
2020-03-10,CGEN,Sell
2020-03-10,NVTA,Buy
2020-03-10,TDOC,Sell
2020-03-10,PD,Buy
2020-03-10,PRLB,Buy
2020-03-10,SE,Buy
2020-03-10,SQ,Buy
2020-03-10,TCEHY,Sell
2020-03-10,TTD,Sell
2020-03-10,TWTR,Sell
2020-03-10,Z,Buy
2020-03-10,EB,Sell
2020-03-09,BIDU,Sell
2020-03-09,MELI,Buy
2020-03-09,SHOP,Sell
2020-03-09,SPLK,Buy
2020-03-09,SQ,Buy
2020-03-09,TREE,Buy
2020-03-09,Z,Buy
2020-03-09,CDNA,Buy
2020-03-09,CGEN,Sell
2020-03-09,CRSP,Buy
2020-03-09,ILMN,Buy
2020-03-09,INO,Sell
2020-03-09,IONS,Sell
2020-03-09,NVTA,Buy
2020-03-09,PACB,Buy
2020-03-09,TDOC,Sell
2020-03-09,TWST,Buy
2020-03-09,ADSK,Buy
2020-03-09,PD,Buy
2020-03-09,TER,Buy
2020-03-09,TTD,Sell
2020-03-09,TWTR,Sell
2020-03-09,IRDM,Buy
2020-03-09,PRLB,Buy
2020-03-09,RKUNY,Sell
2020-03-09,ROK,Sell
2020-03-09,TRMB,Buy
2020-03-09,XLNX,Buy
2020-03-09,EB,Sell
2020-03-09,GBTC,Buy
2020-03-09,ROKU,Buy
2020-03-06,GWRE,Sell
2020-03-06,DSY SJ,Buy
2020-03-06,CDXS,Buy
2020-03-06,CGEN,Sell
2020-03-06,CLLS,Buy
2020-03-06,CRSP,Buy
2020-03-06,FATE,Buy
2020-03-06,GH,Buy
2020-03-06,ILMN,Buy
2020-03-06,INO,Sell
2020-03-06,NVTA,Buy
2020-03-06,PACB,Buy
2020-03-06,PSNL,Buy
2020-03-06,PSTG,Buy
2020-03-06,ADSK,Buy
2020-03-06,EB,Sell
2020-03-06,MTLS,Buy
2020-03-06,NFLX,Sell
2020-03-06,PD,Buy
2020-03-06,PINS,Buy
2020-03-06,ROKU,Buy
2020-03-06,SNAP,Buy
2020-03-06,SPLK,Buy
2020-03-06,SQ,Buy
2020-03-06,TCEHY,Sell
2020-03-06,TDOC,Sell
2020-03-06,TWOU,Sell
2020-03-06,TWTR,Buy
2020-03-06,Z,Buy
2020-03-06,BIDU,Sell
2020-03-06,SHOP,Sell
2020-03-05,ARCT,Sell
2020-03-05,CDXS,Buy
2020-03-05,CGEN,Sell
2020-03-05,CLLS,Buy
2020-03-05,INO,Sell
2020-03-05,PSNL,Buy
2020-03-05,PSTG,Buy
2020-03-05,PD,Buy
2020-03-05,ROKU,Buy
2020-03-05,SPLK,Buy
2020-03-05,TCEHY,Sell
2020-03-04,8473 JP,Sell
2020-03-04,TREE,Buy
2020-03-04,ARCT,Sell
2020-03-04,FATE,Buy
2020-03-04,INO,Sell
2020-03-04,EB,Sell
2020-03-03,4689 JP,Buy
2020-03-03,CDNA,Buy
2020-03-03,MCRB,Buy
2020-03-03,NSTG,Sell
2020-03-03,ADSK,Buy
2020-03-03,AVAV,Buy
2020-03-03,CGEN,Sell
2020-03-03,EB,Sell
2020-03-03,IOVA,Sell
2020-03-03,PRLB,Buy
2020-03-03,PSTG,Buy
2020-03-03,TCEHY,Sell
2020-03-03,BABA,Sell
2020-03-03,LC,Buy
2020-03-03,NFLX,Sell
2020-03-03,PD,Buy
2020-03-03,PINS,Buy
2020-03-03,SHOP,Sell
2020-03-03,Z,Buy
2020-03-02,AMZN,Buy
2020-03-02,PDD,Sell
2020-03-02,PINS,Buy
2020-03-02,SHOP,Sell
2020-03-02,Z,Buy
2020-03-02,MCRB,Buy
2020-03-02,PSNL,Buy
2020-03-02,TDOC,Sell
2020-03-02,AVAV,Buy
2020-03-02,CGEN,Sell
2020-03-02,IOVA,Sell
2020-03-02,NFLX,Sell
2020-03-02,NSTG,Sell
2020-03-02,PD,Buy
2020-03-02,PRLB,Buy
2020-03-02,PSTG,Buy
2020-03-02,TCEHY,Sell
2020-03-02,TTD,Sell
2020-03-02,TWTR,Sell
2020-03-02,NVDA,Sell
2020-03-02,SPLK,Buy
2020-03-02,TWOU,Buy
2020-03-02,BIDU,Sell
2020-03-02,HUBS,Sell
2020-03-02,LC,Buy
2020-03-02,SNAP,Buy
2020-03-02,WDAY,Buy
2020-03-02,XLNX,Buy
2020-02-28,TCEHY,Sell
2020-02-28,XLNX,Buy
2020-02-28,AMD,Buy
2020-02-28,AMD,Sell
2020-02-28,PSTG,Buy
2020-02-28,SQ,Sell
2020-02-28,TREE,Buy
2020-02-28,TSLA,Buy
2020-02-28,WDAY,Buy
2020-02-28,CRM,Sell
2020-02-28,EDIT,Buy
2020-02-28,IOVA,Sell
2020-02-28,NFLX,Sell
2020-02-28,PD,Buy
2020-02-28,PRLB,Buy
2020-02-28,TTD,Sell
2020-02-28,TWOU,Buy
2020-02-28,CDNA,Buy
2020-02-28,CDXS,Buy
2020-02-28,CSTL,Sell
2020-02-28,PACB,Buy
2020-02-28,PSNL,Buy
2020-02-28,TDOC,Sell
2020-02-28,AMZN,Buy
2020-02-28,SE,Buy
2020-02-27,CBMG,Sell
2020-02-27,CDXS,Buy
2020-02-27,CGEN,Sell
2020-02-27,CRSP,Buy
2020-02-27,FATE,Sell
2020-02-27,GH,Buy
2020-02-27,ILMN,Buy
2020-02-27,INO,Sell
2020-02-27,IOVA,Sell
2020-02-27,NSTG,Sell
2020-02-27,NVTA,Buy
2020-02-27,PACB,Buy
2020-02-27,PSNL,Buy
2020-02-27,PSTG,Buy
2020-02-27,TDOC,Sell
2020-02-27,TWST,Buy
2020-02-27,EB,Sell
2020-02-27,EDIT,Buy
2020-02-27,PD,Buy
2020-02-27,PINS,Buy
2020-02-27,PRLB,Buy
2020-02-27,ROKU,Buy
2020-02-27,SQ,Sell
2020-02-27,TCEHY,Sell
2020-02-27,TREE,Buy
2020-02-27,TSLA,Buy
2020-02-27,TWOU,Buy
2020-02-27,XLNX,Buy
2020-02-27,AAPL,Sell
2020-02-27,BIDU,Sell
2020-02-27,CAT,Buy
2020-02-27,CSOD,Buy
2020-02-27,FLIR,Buy
2020-02-27,GOOG,Sell
2020-02-27,IRDM,Buy
2020-02-27,KMTUY,Buy
2020-02-27,KTOS,Buy
2020-02-27,MTLS,Buy
2020-02-27,BABA,Sell
2020-02-27,GBTC,Buy
2020-02-27,HUYA,Buy
2020-02-27,NFLX,Sell
2020-02-27,PDD,Sell
2020-02-27,SNAP,Buy
2020-02-27,VCYT,Buy
2020-02-26,NVDA,Sell
2020-02-26,ROKU,Buy
2020-02-26,AVAV,Buy
2020-02-26,CRM,Sell
2020-02-26,EB,Sell
2020-02-26,IRDM,Buy
2020-02-26,MELI,Sell
2020-02-26,Z,Sell
2020-02-26,CBMG,Sell
2020-02-26,PACB,Buy
2020-02-25,CLDR,Sell
2020-02-25,CRM,Sell
2020-02-25,MELI,Sell
2020-02-25,PD,Buy
2020-02-25,SPLK,Sell
2020-02-25,TDOC,Sell
2020-02-25,TREE,Buy
2020-02-25,VCYT,Sell
2020-02-25,Z,Sell
2020-02-25,CSOD,Buy
2020-02-25,GM,Sell
2020-02-25,KMTUY US,Buy
2020-02-25,KTOS,Buy
2020-02-25,AVAV,Buy
2020-02-25,CRSP,Buy
2020-02-25,LC,Buy
2020-02-25,NSTG,Sell
2020-02-25,NVTA,Buy
2020-02-25,GH,Buy
2020-02-25,IONS,Sell
2020-02-25,PACB,Buy
2020-02-25,GWRE,Sell
2020-02-24,PINS,Buy
2020-02-24,ROKU,Buy
2020-02-24,SNAP,Buy
2020-02-24,TDOC,Sell
2020-02-24,TWOU,Buy
2020-02-24,TWTR,Buy
2020-02-24,XLNX,Buy
2020-02-24,ZM,Sell
2020-02-24,GM,Sell
2020-02-24,KMTUY US,Buy
2020-02-24,PRLB,Buy
2020-02-24,AVAV,Buy
2020-02-24,CRSP,Buy
2020-02-24,EB,Sell
2020-02-24,LC,Buy
2020-02-24,NFLX,Sell
2020-02-24,NVTA,Buy
2020-02-24,TTD,Sell
2020-02-24,CBMG,Sell
2020-02-24,INO,Sell
2020-02-24,PACB,Buy
2020-02-24,PSTG,Buy
2020-02-21,SQ,Sell
2020-02-21,TSLA,Sell
2020-02-21,ZS,Buy
2020-02-21,AVAV,Buy
2020-02-21,LC,Buy
2020-02-21,NVTA,Buy
2020-02-21,PD,Buy
2020-02-21,ROKU,Buy
2020-02-21,TTD,Sell
2020-02-21,ARCT,Sell
2020-02-21,CBMG,Sell
2020-02-21,CDXS,Buy
2020-02-21,CGEN,Sell
2020-02-21,CLLS,Sell
2020-02-21,CRSP,Buy
2020-02-21,FATE,Sell
2020-02-21,PACB,Buy
2020-02-21,VCYT,Sell
2020-02-20,SNPS,Buy
2020-02-20,Z,Sell
2020-02-20,TWOU,Sell
2020-02-20,AVAV,Buy
2020-02-20,CRSP,Buy
2020-02-20,EB,Sell
2020-02-20,IOVA,Buy
2020-02-20,LC,Buy
2020-02-20,NVTA,Buy
2020-02-20,PD,Buy
2020-02-20,PYPL,Sell
2020-02-20,TWTR,Buy
2020-02-20,ARCT,Sell
2020-02-20,CBMG,Sell
2020-02-20,CDXS,Buy
2020-02-20,CLLS,Sell
2020-02-20,FATE,Sell
2020-02-20,NSTG,Sell
2020-02-20,PACB,Buy
2020-02-20,TDOC,Sell
2020-02-20,TWST,Buy
2020-02-20,VCYT,Sell
2020-02-19,PINS,Buy
2020-02-19,TSLA,Sell
2020-02-19,AVAV,Buy
2020-02-19,CGEN,Sell
2020-02-19,CRSP,Buy
2020-02-19,EB,Sell
2020-02-19,IOVA,Buy
2020-02-19,PD,Buy
2020-02-18,AVAV,Buy
2020-02-18,EB,Sell
2020-02-18,PD,Buy
2020-02-18,Z,Sell
2020-02-18,INO,Sell
2020-02-18,IOVA,Buy
2020-02-18,PACB,Buy
2020-02-18,TDOC,Sell
2020-02-14,AVAV,Buy
2020-02-14,EB,Sell
2020-02-14,ROKU,Buy
2020-02-14,SQ,Sell
2020-02-14,Z,Sell
2020-02-14,TSLA,Sell
2020-02-13,PRLB,Buy
2020-02-13,CLDR,Sell
2020-02-13,PSTG,Buy
2020-02-12,ARCT,Sell
2020-02-12,CGEN,Sell
2020-02-12,EB,Sell
2020-02-12,PRLB,Buy
2020-02-12,PSTG,Buy
2020-02-12,SPLK,Sell
2020-02-12,TWOU,Sell
2020-02-12,Z,Sell
2020-02-11,MELI,Buy
2020-02-11,ARCT,Sell
2020-02-11,CGEN,Sell
2020-02-11,NSTG,Sell
2020-02-11,PACB,Buy
2020-02-11,CRM,Sell
2020-02-11,EB,Sell
2020-02-11,IRDM,Buy
2020-02-11,PSTG,Buy
2020-02-11,SPLK,Sell
2020-02-11,TWOU,Sell
2020-02-11,Z,Sell
2020-02-11,CLDR,Sell
2020-02-11,SPOT,Buy
2020-02-10,MELI,Buy
2020-02-10,PINS,Buy
2020-02-10,SHOP,Sell
2020-02-10,SPLK,Sell
2020-02-10,PACB,Buy
2020-02-10,TDOC,Sell
2020-02-10,TWST,Sell
2020-02-10,ADSK,Sell
2020-02-10,EB,Sell
2020-02-10,IRDM,Buy
2020-02-10,NSTG,Sell
2020-02-10,Z,Sell
2020-02-10,PRLB,Buy
2020-02-10,CLDR,Sell
2020-02-07,IONS,Sell
2020-02-07,PACB,Buy
2020-02-07,IRDM,Buy
2020-02-07,MELI,Sell
2020-02-07,PRLB,Buy
2020-02-07,SPLK,Sell
2020-02-07,SQ,Sell
2020-02-07,TDOC,Sell
2020-02-07,TWOU,Sell
2020-02-07,TWTR,Buy
2020-02-07,Z,Sell
2020-02-07,NVDA,Sell
2020-02-06,Z1P AU,Sell
2020-02-06,8473 JP,Buy
2020-02-06,IBKR,Buy
2020-02-06,TREE,Buy
2020-02-06,WDAY,Buy
2020-02-06,CGEN,Sell
2020-02-06,AVAV,Buy
2020-02-06,CRM,Sell
2020-02-06,IRDM,Buy
2020-02-06,PRLB,Buy
2020-02-06,SPLK,Sell
2020-02-06,TCEHY,Sell
2020-02-06,TTD,Sell
2020-02-06,ADSK,Sell
2020-02-06,AMZN,Sell
2020-02-06,NVDA,Sell
2020-02-06,TER,Sell
2020-02-05,AMZN,Sell
2020-02-05,NVDA,Sell
2020-02-05,SNAP,Buy
2020-02-05,SPOT,Buy
2020-02-05,TDOC,Sell
2020-02-05,Z,Sell
2020-02-05,AVAV,Buy
2020-02-05,CERS,Buy
2020-02-05,CGEN,Sell
2020-02-05,IRDM,Buy
2020-02-05,NSTG,Sell
2020-02-05,ARCT,Sell
2020-02-05,INO,Buy
2020-02-05,IONS,Sell
2020-02-05,SI,Buy
2020-02-04,SI,Buy
2020-02-04,ARCT,Sell
2020-02-04,INO,Buy
2020-02-04,IONS,Sell
2020-02-04,NSTG,Sell
2020-02-04,NVTA,Buy
2020-02-04,AVAV,Buy
2020-02-04,CERS,Buy
2020-02-04,CGEN,Sell
2020-02-04,CRSP,Buy
2020-02-04,ILMN,Buy
2020-02-04,IRDM,Buy
2020-02-04,NFLX,Buy
2020-02-04,PINS,Buy
2020-02-04,PRLB,Buy
2020-02-04,PSTG,Buy
2020-02-04,ROKU,Buy
2020-02-04,TSLA,Sell
2020-02-04,TWOU,Buy
2020-02-04,TWTR,Buy
2020-02-04,CAT,Buy
2020-02-04,DE,Buy
2020-02-04,GOOG,Buy
2020-02-04,NXPI,Buy
2020-02-04,ROK,Buy
2020-02-03,AAPL,Sell
2020-02-03,CRM,Sell
2020-02-03,HDB,Buy
2020-02-03,PDD,Buy
2020-02-03,SCHW,Buy
2020-02-03,SI,Buy
2020-02-03,SPLK,Sell
2020-02-03,Z,Sell
2020-02-03,ARCT,Sell
2020-02-03,NSTG,Sell
2020-02-03,NVTA,Buy
2020-02-03,AVAV,Buy
2020-02-03,CGEN,Sell
2020-02-03,IRDM,Buy
2020-02-03,CAT,Buy
2020-02-03,DE,Buy
2020-02-03,GOOG,Buy
2020-02-03,KTOS,Buy
2020-02-03,NVDA,Sell
2020-02-03,ROK,Buy
2020-02-03,TSLA,Sell
2020-02-03,TWOU,Buy
2020-02-03,XLNX,Buy
2020-02-03,HUYA,Buy
2020-02-03,SE,Buy
2020-02-03,TREE,Buy
2020-02-03,ZM,Buy
2020-01-31,SI,Buy
2020-01-31,ARCT,Sell
2020-01-31,NSTG,Sell
2020-01-31,VCYT,Buy
2020-01-31,AVAV,Buy
2020-01-31,CGEN,Sell
2020-01-31,IRDM,Buy
2020-01-31,ROKU,Buy
2020-01-31,TSLA,Sell
2020-01-31,KTOS,Buy
2020-01-31,TWOU,Buy
2020-01-31,PINS,Buy
2020-01-31,TTD,Sell
2020-01-31,Z,Sell
2020-01-30,AAPL,Sell
2020-01-30,PYPL,Buy
2020-01-30,SI,Buy
2020-01-30,SQ,Sell
2020-01-30,ARCT,Sell
2020-01-30,CRSP,Buy
2020-01-30,ILMN,Buy
2020-01-30,INO,Sell
2020-01-30,IONS,Sell
2020-01-30,PSNL,Buy
2020-01-30,TDOC,Sell
2020-01-30,AVAV,Buy
2020-01-30,CGEN,Sell
2020-01-30,TSLA,Sell
2020-01-30,APTV,Buy
2020-01-30,KTOS,Buy
2020-01-30,TRMB,Buy
2020-01-30,TSM,Buy
2020-01-30,XLNX,Buy
2020-01-30,TTD,Sell
2020-01-30,TWOU,Buy
2020-01-29,4689 JP,Buy
2020-01-29,4755 JP ,Sell
2020-01-29,PINS,Buy
2020-01-29,TREE,Buy
2020-01-29,CERS,Buy
2020-01-29,PSNL,Buy
2020-01-29,TWST,Buy
2020-01-29,CGEN,Sell
2020-01-29,NSTG,Sell
2020-01-29,TSLA,Sell
2020-01-29,TWOU,Buy
2020-01-29,XLNX,Buy
2020-01-29,CGNX,Sell
2020-01-29,TTD,Sell
2020-01-29,Z,Sell
2020-01-28,AAPL,Sell
2020-01-28,AAPL,Buy
2020-01-28,PSNL,Buy
2020-01-28,TWST,Buy
2020-01-28,NSTG,Sell
2020-01-28,TWOU,Buy
2020-01-28,CGNX,Sell
2020-01-27,CGNX,Sell
2020-01-27,CSOD,Buy
2020-01-27,XLNX,Buy
2020-01-27,AMD,Sell
2020-01-27,PSTG,Buy
2020-01-27,NSTG,Sell
2020-01-27,PINS,Buy
2020-01-27,ROKU,Buy
2020-01-27,TTD,Sell
2020-01-27,TWOU,Buy
2020-01-27,FATE,Buy
2020-01-27,INO,Sell
2020-01-27,PSNL,Buy
2020-01-27,TWST,Buy
2020-01-24,CLDR,Sell
2020-01-24,HUYA,Buy
2020-01-24,CRSP,Buy
2020-01-24,MELI,Sell
2020-01-24,SQ,Buy
2020-01-24,TER,Sell
2020-01-24,TWOU,Buy
2020-01-24,Z,Sell
2020-01-24,AAPL,Sell
2020-01-23,AAPL,Sell
2020-01-23,PYPL,Buy
2020-01-23,CLDR,Sell
2020-01-23,HUYA,Buy
2020-01-22,4689 JP,Buy
2020-01-22,SHOP,Sell
2020-01-22,NFLX,Buy
2020-01-22,TSLA,Sell
2020-01-22,DANE IT,Buy
2020-01-22,TARO,Buy
2020-01-22,MTLS,Buy
2020-01-22,PTC,Buy
2020-01-21,STMN SE,Sell
2020-01-21,ALMDG FP,Sell
2020-01-21,ALTR,Buy
2020-01-21,MTLS,Buy
2020-01-21,PRLB,Buy
2020-01-21,BATM IT,Sell
2020-01-21,BEZQ IT,Sell
2020-01-21,CEL IT,Buy
2020-01-21,ESLT IT,Buy
2020-01-21,FATTAL IT,Sell
2020-01-21,HLAN IT,Sell
2020-01-21,INCR IT,Sell
2020-01-21,MTRX IT,Buy
2020-01-21,ONE IT,Buy
2020-01-21,PTNR IT,Buy
2020-01-21,ITRN,Buy
2020-01-21,RDHL,Buy
2020-01-21,SEDG,Buy
2020-01-17,OERL SE,Sell
2020-01-17,STMN SE,Sell
2020-01-17,AM3D GR,Sell
2020-01-17,BDT GR,Sell
2020-01-17,HEN3 GR,Buy
2020-01-17,SIE GR,Sell
2020-01-17,SGL GR,Buy
2020-01-17,AKE FP,Buy
2020-01-17,ALMDG FP,Sell
2020-01-17,DSY SJ,Buy
2020-01-17,RSW LN,Sell
2020-01-17,3402 JP,Buy
2020-01-17,DSM NA,Buy
2020-01-17,HEXAB SS,Sell
2020-01-17,SAND SS,Sell
2020-01-17,ADSK,Buy
2020-01-17,ALGN,Sell
2020-01-17,ALTR,Buy
2020-01-17,AME,Sell
2020-01-17,ANSS,Buy
2020-01-17,ARNC,Sell
2020-01-17,ATI,Buy
2020-01-17,CFMS,Sell
2020-01-17,CRS,Buy
2020-01-17,DD,Buy
2020-01-17,DDD,Sell
2020-01-17,FARO,Sell
2020-01-17,GE,Sell
2020-01-17,HPQ,Sell
2020-01-17,HXL,Buy
2020-01-17,KALU,Buy
2020-01-17,KODK,Sell
2020-01-17,MSFT,Buy
2020-01-17,MTLS,Buy
2020-01-17,NUVA,Sell
2020-01-17,PRLB,Buy
2020-01-17,PTC,Buy
2020-01-17,SSYS,Sell
2020-01-17,SYK,Buy
2020-01-17,TRMB,Buy
2020-01-17,UCTT,Sell
2020-01-17,UPS,Buy
2020-01-17,XONE,Sell
2020-01-17,XRX,Sell
2020-01-17,AUDC,Sell
2020-01-17,CAMT,Sell
2020-01-17,ENLV,Sell
2020-01-17,GLMD,Sell
2020-01-17,INMD,Sell
2020-01-17,RADA,Buy
2020-01-17,RDHL,Sell
2020-01-17,SPNS,Buy
2020-01-17,TEVA,Buy
2020-01-17,URGN,Sell
2020-01-16,AM3D GR,Sell
2020-01-16,ALMDG FP,Sell
2020-01-16,CFMS,Sell
2020-01-16,MTLS,Buy
2020-01-16,XONE,Sell
2020-01-16,BATM IT,Sell
2020-01-16,BEZQ IT,Buy
2020-01-16,BSEN IT,Buy
2020-01-16,CEL IT,Buy
2020-01-16,DANE IT,Buy
2020-01-16,ESLT IT,Buy
2020-01-16,FATTAL,Buy
2020-01-16,FBRT IT,Sell
2020-01-16,GILT IT,Sell
2020-01-16,HLAN IT,Buy
2020-01-16,INCR IT,Sell
2020-01-16,KMDA IT,Sell
2020-01-16,MGIC IT,Sell
2020-01-16,MLTM IT,Sell
2020-01-16,MTRX IT,Buy
2020-01-16,ONE ,Buy
2020-01-16,PTNR,Buy
2020-01-16,ALLT,Buy
2020-01-16,AUDC,Sell
2020-01-16,CAMT,Buy
2020-01-16,CGEN,Sell
2020-01-16,CHKP,Buy
2020-01-16,CRNT,Buy
2020-01-16,CYBR,Buy
2020-01-16,ENLV,Sell
2020-01-16,FVRR,Buy
2020-01-16,GLMD,Sell
2020-01-16,INMD,Sell
2020-01-16,ITRN,Buy
2020-01-16,MLNX,Buy
2020-01-16,NICE,Buy
2020-01-16,NVMI,Buy
2020-01-16,PERI,Sell
2020-01-16,RADA,Buy
2020-01-16,RDHL,Buy
2020-01-16,RDWR,Buy
2020-01-16,SEDG,Buy
2020-01-16,SILC,Sell
2020-01-16,SLGL,Buy
2020-01-16,SPNS,Buy
2020-01-16,SSYS,Buy
2020-01-16,TARO,Buy
2020-01-16,TEVA,Buy
2020-01-16,TSEM,Buy
2020-01-16,URGN,Sell
2020-01-16,WIX,Buy
2020-01-15,Z1P,Buy
2020-01-15,CDXS,Sell
2020-01-15,CERS,Buy
2020-01-15,PSNL,Buy
2020-01-15,TWST,Buy
2020-01-15,LC,Buy
2020-01-15,BATM IT,Sell
2020-01-15,FBRT IT,Sell
2020-01-15,GILT IT,Sell
2020-01-15,INCR IT,Sell
2020-01-15,KMDA IT,Sell
2020-01-15,MGIC IT,Sell
2020-01-15,MLTM IT,Sell
2020-01-15,ENLV,Sell
2020-01-15,SILC,Sell
2020-01-14,CLDR,Sell
2020-01-14,HUYA,Buy
2020-01-14,LC,Buy
2020-01-14,PSTG,Buy
2020-01-14,VCYT,Sell
2020-01-14,ILMN,Buy
2020-01-14,AAPL,Sell
2020-01-14,CDXS,Sell
2020-01-14,CERS,Buy
2020-01-14,EDIT,Sell
2020-01-14,INCY,Buy
2020-01-14,PSNL,Buy
2020-01-14,TDOC,Sell
2020-01-13,CGNX,Sell
2020-01-13,KTOS,Buy
2020-01-13,AMD,Sell
2020-01-13,BABA,Sell
2020-01-13,CLDR,Sell
2020-01-13,CRM,Sell
2020-01-13,HUYA,Buy
2020-01-13,LC,Buy
2020-01-13,NVDA,Sell
2020-01-13,PINS,Buy
2020-01-13,PSTG,Buy
2020-01-13,PYPL,Buy
2020-01-13,SE,Buy
2020-01-13,TCEHY,Buy
2020-01-13,TSLA,Sell
2020-01-13,VCYT,Sell
2020-01-13,Z,Sell
2020-01-13,ILMN,Buy
2020-01-13,TTD,Sell
2020-01-13,CGEN,Sell
2020-01-13,PSNL,Buy
2020-01-13,TDOC,Sell
2020-01-13,ICE,Buy
2020-01-13,MELI,Sell
2020-01-13,NDAQ,Sell
2020-01-13,SHOP,Sell
2020-01-10,CDNA,Buy
2020-01-10,CGEN,Sell
2020-01-10,IOVA,Sell
2020-01-10,MELI,Sell
2020-01-10,ROKU,Buy
2020-01-10,TCEHY,Buy
2020-01-10,TSLA,Sell
2020-01-09,BLCM,Sell
2020-01-09,PSTG,Buy
2020-01-08,BLCM,Sell
2020-01-08,NVTA,Buy
2020-01-08,PSTG,Buy
2020-01-08,TSLA,Sell
2020-01-08,SPOT,Buy
2020-01-07,BLCM,Sell
2020-01-07,NVTA,Buy
2020-01-07,SE,Buy
2020-01-07,TSLA,Sell
2020-01-06,BLCM,Sell
2020-01-06,NVTA,Buy
2020-01-06,PINS,Buy
2020-01-06,TSLA,Sell
2020-01-06,NXPI,Buy
2020-01-06,RKUNY,Sell
2020-01-06,SNPS,Buy
2020-01-06,SE,Buy
2020-01-06,TDOC,Sell
2020-01-06,TTD,Sell
2020-01-06,TWOU,Sell
2020-01-03,NVTA,Buy
2020-01-03,BLCM,Sell
2020-01-03,INCY,Buy
2020-01-03,TDOC,Sell
2020-01-02,CRSP,Buy
2020-01-02,TSLA,Sell
2020-01-02,AAPL,Sell
2020-01-02,IOVA,Sell
2020-01-02,TDOC,Sell
2020-01-02,XON,Buy
2019-12-31,ADSK,Sell
2019-12-31,NVTA,Buy
2019-12-31,TER,Sell
2019-12-30,CGNX,Sell
2019-12-30,GOOG,Buy
2019-12-30,IRDM,Buy
2019-12-30,NVDA,Sell
2019-12-30,TER,Sell
2019-12-30,XLNX,Buy
2019-12-30,AYX,Buy
2019-12-30,CLDR,Sell
2019-12-30,ROKU,Buy
2019-12-30,SQ,Buy
2019-12-30,Z,Sell
2019-12-30,ZS,Buy
2019-12-30,TSLA,Sell
2019-12-30,TDOC,Sell
2019-12-30,TWST,Buy
2019-12-30,AAPL,Sell
2019-12-27,NVTA,Buy
2019-12-27,Z,Sell
2019-12-27,4755 JP ,Buy
2019-12-27,8473 JP ,Buy
2019-12-24,RKUNY,Buy
2019-12-24,APTV,Sell
2019-12-24,CRSP,Sell
2019-12-24,PRLB,Buy
2019-12-24,TREE,Buy
2019-12-24,IONS,Sell
2019-12-24,REGN,Sell
2019-12-24,TDOC,Sell
2019-12-24,SPLK,Sell
2019-12-24,TRU,Sell
2019-12-24,TSM,Sell
2019-12-24,Z,Sell
2019-12-23,AMZN,Buy
2019-12-23,KTOS,Buy
2019-12-23,RKUNY,Buy
2019-12-23,TER,Sell
2019-12-23,TRMB,Buy
2019-12-23,TSLA,Sell
2019-12-23,XLNX,Buy
2019-12-23,AYX,Buy
2019-12-23,ROKU,Buy
2019-12-23,SE,Buy
2019-12-23,TTD,Sell
2019-12-23,TWLO,Buy
2019-12-23,ZS,Buy
2019-12-23,APTV,Sell
2019-12-23,CRSP,Sell
2019-12-23,NFLX,Buy
2019-12-23,NVTA,Buy
2019-12-23,TREE,Buy
2019-12-23,Z,Sell
2019-12-23,BMY,Sell
2019-12-23,CERS,Buy
2019-12-23,AAPL,Sell
2019-12-23,NDAQ,Sell
2019-12-23,NVDA,Sell
2019-12-23,PYPL,Buy
2019-12-23,TSM,Sell
2019-12-23,WDAY,Buy
2019-12-20,DE,Buy
2019-12-20,PRLB,Buy
2019-12-20,TSLA,Sell
2019-12-20,XLNX,Buy
2019-12-20,APTV,Sell
2019-12-20,CLLS,Sell
2019-12-20,NTLA,Buy
2019-12-20,NVTA,Buy
2019-12-20,PACB,Buy
2019-12-20,REGN,Sell
2019-12-19,CLDR,Sell
2019-12-19,SNAP,Buy
2019-12-19,TDOC,Sell
2019-12-19,VCYT,Sell
2019-12-19,APTV,Sell
2019-12-19,ROKU,Buy
2019-12-19,TREE,Buy
2019-12-19,CLLS,Sell
2019-12-19,EDIT,Sell
2019-12-19,NTLA,Buy
2019-12-19,PACB,Buy
2019-12-18,CLLS,Sell
2019-12-18,EDIT,Sell
2019-12-18,NTLA,Buy
2019-12-18,PACB,Buy
2019-12-13,BIDU,Sell
2019-12-13,TREE,Buy
2019-12-13,TWTR,Buy
2019-12-13,APTV,Sell
2019-12-13,EDIT,Sell
2019-12-13,NTLA,Sell
2019-12-13,NVTA,Buy
2019-12-13,VCYT,Sell
2019-12-12,IRDM,Buy
2019-12-12,SSYS,Buy
2019-12-12,TER,Sell
2019-12-12,AYX,Buy
2019-12-12,TREE,Buy
2019-12-12,TSLA,Sell
2019-12-12,Z,Sell
2019-12-12,EDIT,Sell
2019-12-12,NTLA,Sell
2019-12-12,NVTA,Buy
2019-12-12,VCYT,Sell
2019-12-12,CRSP,Sell
2019-12-11,TSLA,Sell
2019-12-11,TWTR,Buy
2019-12-11,TREE,Buy
2019-12-11,3938 JP,Sell
2019-12-11,4689 JP,Buy
2019-12-11,AAPL,Sell
2019-12-09,ANSS,Sell
2019-12-09,IRDM,Buy
2019-12-09,NVDA,Sell
2019-12-09,PRLB,Buy
2019-12-09,SPLK,Sell
2019-12-09,SSYS,Buy
2019-12-09,TER,Sell
2019-12-09,XLNX,Buy
2019-12-09,AMD,Sell
2019-12-09,GBTC,Buy
2019-12-09,NTLA,Sell
2019-12-09,NVTA,Buy
2019-12-09,TDOC,Sell
2019-12-09,DOCU,Buy
2019-12-09,INTU,Sell
2019-12-09,TSM,Sell
2019-12-04,TSLA,Sell
2019-12-04,WDAY,Buy
2019-12-04,ZS,Buy
2019-12-04,CRM,Buy
2019-12-04,CRSP,Sell
2019-12-04,CDNA,Buy
2019-12-04,PACB,Buy
2019-12-02,ADBE,Sell
2019-12-02,AMD,Sell
2019-12-02,NVDA,Sell
2019-12-02,PINS,Buy
2019-12-02,ROKU,Buy
2019-12-02,SPLK,Sell
2019-12-02,TTD,Buy
2019-12-02,TWLO,Buy
2019-12-02,APTV,Buy
2019-12-02,IRDM,Buy
2019-12-02,CDNA,Buy
2019-12-02,CRSP,Sell
2019-12-02,ILMN,Buy
2019-12-02,PACB,Buy
2019-12-02,GWRE,Sell
2019-12-02,SQ,Buy
2019-11-26,AYX,Buy
2019-11-26,CLDR,Sell
2019-11-22,SPLK,Sell
2019-11-22,TSLA,Buy
2019-11-22,SI,Buy
2019-11-21,SI,Buy
2019-11-20,3938 JP,Sell
2019-11-20,SI,Buy
2019-11-19,CRSP,Sell
2019-11-19,Z,Buy
2019-11-14,SSYS,Buy
2019-11-14,TSLA,Sell
2019-11-13,CERS,Buy
2019-11-12,Z1P AU,Buy
2019-11-12,DSY SJ,Buy
2019-11-12,CERS,Buy
2019-11-12,PACB,Buy
2019-11-12,TDOC,Sell
2019-11-12,XONE,Buy
